player_uid,season,gameweek,model_name,pre_deadline_population,expected_points,points_std,points_p10,points_p25,points_p50,points_p75,points_p90,prob_points_eq_0,prob_points_ge_1,prob_points_ge_5,prob_points_ge_10,simulated_expected_points,expected_points_unconditional,raw_expected_points_given_appearance,expected_points_given_appearance,simulation_draw_count,conditional_estimate_source,conditional_coherence_error,fixture_count,opponent_display,opponent_short_names,opponent_official_names,opponent_team_uids,home_away_sequence,kickoff_times,player_name,player_team_uid,fpl_position,price_tenths,status,news,cold_start_no_history,fallback_flag,lineage_note,minutes_variant,expected_minutes,p_appearance,p_start,selected_role,bench_order
player_code_115556,2026-27,6,X2_TEAM_CONSTRAINED_SIM_M7,pre_deadline_history_active,0.7841369116407517,1.737756150902652,0.0,0.0,0.0,1.0,2.0,0.665,0.3276,0.0678,0.0031,0.8066,0.7841369116407517,2.0039796221373734,2.0039796221373734,10000,analytic_gameweek_sum_divided_by_any_fixture_appearance_probability,0.0,1,MUN (A),MUN,Man Utd,team_manchester_united,A,2026-10-10 16:30:00+00:00,Davies,team_tottenham_hotspur,DEF,39,a,,False,False,returning_player,M7,26.59172861200576,0.3912898629200726,0.20349746599093094,squad,4.0
player_code_141746,2026-27,6,X2_TEAM_CONSTRAINED_SIM_M7,pre_deadline_history_active,4.916595341364429,3.4445109899665005,2.0,3.0,4.0,7.0,9.0,0.0599,0.9373,0.4281,0.0933,4.8602,4.916595341364429,5.174800032738989,5.174800032738989,10000,analytic_gameweek_sum_divided_by_any_fixture_appearance_probability,0.0,1,TOT (H),TOT,Spurs,team_tottenham_hotspur,H,2026-10-10 16:30:00+00:00,B.Fernandes,team_manchester_united,MID,119,a,,False,False,returning_player,M7,75.8673134925522,0.95010344559384,0.8890307670085223,vice_captain,
player_code_146426,2026-27,6,X2_TEAM_CONSTRAINED_SIM_M7,pre_deadline_history_active,3.3201483009657577,2.961345435777461,0.0,1.0,2.0,6.0,7.0,0.1668,0.8275,0.3716,0.0263,3.3139,3.3201483009657577,3.8170100917814227,3.8170100917814227,10000,analytic_gameweek_sum_divided_by_any_fixture_appearance_probability,0.0,1,EVE (H),EVE,Everton,team_everton,H,2026-10-11 13:00:00+00:00,Ajayi,team_hull_city,DEF,42,a,,False,False,current_season_history_only,M7,71.0968216747957,0.8698295841854125,0.8474846625766873,starter,
player_code_184029,2026-27,6,X2_TEAM_CONSTRAINED_SIM_M7,pre_deadline_history_active,3.9868275073885666,3.037555555047512,0.0,2.0,3.0,6.0,8.0,0.1207,0.8792,0.3087,0.0507,4.0125,3.9868275073885666,4.56117733966384,4.56117733966384,10000,analytic_gameweek_sum_divided_by_any_fixture_appearance_probability,0.0,1,LEE (H),LEE,Leeds,team_leeds,H,2026-10-10 11:30:00+00:00,Ødegaard,team_arsenal,MID,68,a,,False,False,returning_player,M7,68.21087780168405,0.8740786008733431,0.7638133757041746,starter,
player_code_199798,2026-27,6,X2_TEAM_CONSTRAINED_SIM_M7,pre_deadline_history_active,3.307314661315405,2.5946480281533373,0.0,1.0,2.0,6.0,6.0,0.1204,0.8755,0.4035,0.0082,3.3369,3.307314661315405,3.673122130155482,3.673122130155482,10000,analytic_gameweek_sum_divided_by_any_fixture_appearance_probability,0.0,1,LEE (H),LEE,Leeds,team_leeds,H,2026-10-10 11:30:00+00:00,Konsa,team_arsenal,DEF,46,a,,False,False,transferred_player,M7,72.78898091018745,0.9004096635293222,0.7908216895934155,starter,
player_code_223094,2026-27,6,X2_TEAM_CONSTRAINED_SIM_M7,pre_deadline_history_active,5.421295122663373,3.7486936391228345,1.0,3.0,3.0,7.0,11.0,0.0968,0.9031,0.485,0.1588,5.264,5.421295122663373,6.018318265215994,6.018318265215994,10000,analytic_gameweek_sum_divided_by_any_fixture_appearance_probability,0.0,1,LIV (A),LIV,Liverpool,team_liverpool,A,2026-10-11 15:30:00+00:00,Haaland,team_manchester_city,FWD,156,a,,False,False,returning_player,M7,71.73814440007142,0.90079900792166,0.8258286740573653,captain,
player_code_223340,2026-27,6,X2_TEAM_CONSTRAINED_SIM_M7,pre_deadline_history_active,4.6954032683558555,3.561517192152805,0.0,2.0,4.0,7.0,9.0,0.1161,0.8837,0.3922,0.0876,4.6523,4.6954032683558555,5.290626528961979,5.290626528961979,10000,analytic_gameweek_sum_divided_by_any_fixture_appearance_probability,0.0,1,LEE (H),LEE,Leeds,team_leeds,H,2026-10-10 11:30:00+00:00,Saka,team_arsenal,MID,95,a,,False,False,returning_player,M7,69.17633610320271,0.887494749941666,0.7727574750830567,starter,
player_code_430871,2026-27,6,X2_TEAM_CONSTRAINED_SIM_M7,pre_deadline_history_active,4.58687404309916,3.677946470518569,0.0,2.0,3.0,7.0,9.0,0.112,0.8879,0.3655,0.087,4.5176,4.58687404309916,5.158353129523871,5.158353129523871,10000,analytic_gameweek_sum_divided_by_any_fixture_appearance_probability,0.0,1,TOT (H),TOT,Spurs,team_tottenham_hotspur,H,2026-10-10 16:30:00+00:00,Cunha,team_manchester_united,MID,79,a,,False,False,returning_player,M7,68.38947886735008,0.8892128801431127,0.8059302325581397,starter,
player_code_446008,2026-27,6,X2_TEAM_CONSTRAINED_SIM_M7,pre_deadline_history_active,4.774091764027832,3.7206575279108938,1.0,2.0,3.0,7.0,10.0,0.0944,0.9055,0.3964,0.1012,4.7234,4.774091764027832,5.247090769937596,5.247090769937596,10000,analytic_gameweek_sum_divided_by_any_fixture_appearance_probability,0.0,1,TOT (H),TOT,Spurs,team_tottenham_hotspur,H,2026-10-10 16:30:00+00:00,Mbeumo,team_manchester_united,MID,79,a,,False,False,returning_player,M7,71.52850507970302,0.9098549983888711,0.8130059222880255,starter,
player_code_235448,2026-27,6,X2_TEAM_CONSTRAINED_SIM_M7,pre_deadline_history_active,0.018943768208570855,0.3016042274239537,0.0,0.0,0.0,0.0,0.0,0.9941,0.0059,0.0014,0.0001,0.0183,0.018943768208570855,3.0482994779475394,3.0482994779475394,10000,analytic_gameweek_sum_divided_by_any_fixture_appearance_probability,0.0,1,AVL (A),AVL,Aston Villa,team_aston_villa,A,2026-10-10 14:00:00+00:00,Balcombe,team_brentford,GKP,40,a,,False,False,returning_player,M7,0.5132099191231596,0.006214536447490371,0.006214536447490388,squad,1.0
player_code_465642,2026-27,6,X2_TEAM_CONSTRAINED_SIM_M7,pre_deadline_history_active,3.5428565540103554,2.9680309550272552,0.0,1.0,2.0,6.0,7.0,0.1078,0.8851,0.3486,0.0283,3.5315,3.5428565540103554,3.845030477719777,3.845030477719777,10000,analytic_gameweek_sum_divided_by_any_fixture_appearance_probability,0.0,1,COV (A),COV,Coventry City,team_coventry_city,A,2026-10-12 19:00:00+00:00,Thiaw,team_newcastle,DEF,50,a,,False,False,returning_player,M7,76.96320184551631,0.9214118261323587,0.885172170734891,starter,
player_code_473284,2026-27,6,X2_TEAM_CONSTRAINED_SIM_M7,pre_deadline_history_active,3.8911707242192155,3.114524539957905,0.0,2.0,3.0,7.0,8.0,0.1936,0.8059,0.3676,0.0281,3.8867,3.8911707242192155,4.755047312521861,4.755047312521861,10000,analytic_gameweek_sum_divided_by_any_fixture_appearance_probability,0.0,1,EVE (H),EVE,Everton,team_everton,H,2026-10-11 13:00:00+00:00,Tzolakis,team_hull_city,GKP,47,a,,False,False,current_season_history_only,M7,69.7884731734417,0.8183242917420133,0.8183242917420133,starter,
player_code_543968,2026-27,6,X2_TEAM_CONSTRAINED_SIM_M7,pre_deadline_history_active,3.728643001678748,2.7623089979218474,0.0,2.0,3.0,6.0,7.0,0.1356,0.8638,0.2971,0.0462,3.607,3.728643001678748,4.3024702656408715,4.3024702656408715,10000,analytic_gameweek_sum_divided_by_any_fixture_appearance_probability,0.0,1,FUL (H),FUL,Fulham,team_fulham,H,2026-10-10 14:00:00+00:00,Emersonn,team_ipswich,FWD,55,a,,False,False,current_season_history_only,M7,67.9314203151578,0.8666284184356473,0.8199273283610634,starter,
player_code_193278,2026-27,6,X2_TEAM_CONSTRAINED_SIM_M7,pre_deadline_history_active,2.947604127550566,2.619282680429892,0.0,1.0,2.0,6.0,6.0,0.1775,0.8162,0.3426,0.0097,2.9268,2.947604127550566,3.388714503555281,3.388714503555281,10000,analytic_gameweek_sum_divided_by_any_fixture_appearance_probability,0.0,1,EVE (H),EVE,Everton,team_everton,H,2026-10-11 13:00:00+00:00,Coyle,team_hull_city,DEF,40,a,,False,False,current_season_history_only,M7,71.0968216747957,0.8698295841854125,0.8474846625766873,squad,2.0
player_code_557012,2026-27,6,X2_TEAM_CONSTRAINED_SIM_M7,pre_deadline_history_active,0.7222396851664594,1.675504816465772,0.0,0.0,0.0,0.0,3.0,0.769,0.2308,0.0551,0.004,0.7269,0.7222396851664594,3.130861986944971,3.130861986944971,10000,analytic_gameweek_sum_divided_by_any_fixture_appearance_probability,0.0,1,FUL (H),FUL,Fulham,team_fulham,H,2026-10-10 14:00:00+00:00,Walle Egeli,team_ipswich,FWD,45,a,,False,False,current_season_history_only,M7,13.442304006741047,0.23068397399120288,0.06437177280550775,squad,3.0
