player_uid,expected_minutes,expected_goals,expected_assists,expected_saves,mean_xp,p_appearance,p_start,p_60_plus,p0,p6_plus,p10_plus,player_name,team,position,price,prediction_run_id,season,gameweek
code:10054,82.29084176881975,0.2836993193744046,0.311915825401888,0.0,4.752,0.9999947395979515,0.9999879368110532,0.9799881780748322,0.038,0.35,0.11,DOR MID2,DOR,MID,90,project_20260722T045210Z,2025-26,1
code:10053,82.29163411601975,0.2847089793160004,0.23526488977380397,0.0,4.582,0.9999998024728874,0.9999995196822304,0.9799995292885858,0.018,0.344,0.094,DOR MID1,DOR,MID,103,project_20260722T045210Z,2025-26,1
code:10008,82.29163284931411,0.2794575394882201,0.2756303778523368,0.0,4.52,0.9999997637385117,0.999999514280795,0.9799995239951791,0.008,0.33,0.08,ALB MID1,ALB,MID,100,project_20260722T045210Z,2025-26,1
code:10024,82.29089503523703,0.2330183304465096,0.22963639674490813,0.0,4.266,0.9999941407517867,0.9999891175131098,0.9799893351628476,0.012,0.29,0.062,BIR MID2,BIR,MID,88,project_20260722T045210Z,2025-26,1
code:10055,82.27395461496113,0.20126290838891783,0.23647329834721895,0.0,4.2,0.999882799096911,0.9997428009354272,0.9797479449167187,0.024,0.28,0.07,DOR MID3,DOR,MID,77,project_20260722T045210Z,2025-26,1
code:10058,83.27540656112075,0.3925393859179681,0.08538006792317064,0.0,4.132,0.9999802613382077,0.9999682184356554,0.9799688540669423,0.046,0.338,0.074,DOR FWD1,DOR,FWD,94,project_20260722T045210Z,2025-26,1
code:10023,82.29162897095092,0.2051010135437621,0.18082039910315523,0.0,4.012,0.9999997695321645,0.9999994444973108,0.9799994556073646,0.014,0.26,0.048,BIR MID1,BIR,MID,101,project_20260722T045210Z,2025-26,1
code:10025,82.27441461286732,0.14454044450562906,0.2068858242261306,0.0,3.952,0.9998513041140961,0.9997642651289014,0.9797689798263234,0.018,0.244,0.05,BIR MID3,BIR,MID,75,project_20260722T045210Z,2025-26,1
code:10009,82.29090210544436,0.181932368214108,0.22987029300810038,0.0,3.908,0.9999945876143632,0.9999890489247734,0.9799892679462778,0.004,0.222,0.044,ALB MID2,ALB,MID,87,project_20260722T045210Z,2025-26,1
code:10056,81.8842040190507,0.24213059551057695,0.19610810874704523,0.0,3.84,0.9971562738112961,0.9941463357635064,0.9742634090482363,0.096,0.254,0.058,DOR MID4,DOR,MID,64,project_20260722T045210Z,2025-26,1
code:10070,82.27454189025829,0.1928382187230162,0.1747933927465472,0.0,3.79,0.9998562839212455,0.9997643422160675,0.9797690553717461,0.026,0.224,0.048,EXE MID3,EXE,MID,78,project_20260722T045210Z,2025-26,1
code:10048,82.72290257045421,0.10398765057968513,0.07259838354262946,0.0,3.786,0.9999765448987522,0.9999623423524536,0.9799630955054045,0.078,0.35,0.058,DOR DEF1,DOR,DEF,77,project_20260722T045210Z,2025-26,1
code:10059,83.1004487046911,0.36853088657732036,0.09060822820365673,0.0,3.73,0.9985377617033113,0.997617984183124,0.9776656244994615,0.13,0.302,0.066,DOR FWD2,DOR,FWD,76,project_20260722T045210Z,2025-26,1
code:10084,82.2908933774698,0.1385941917750206,0.20299993293468643,0.0,3.662,0.9999941718272122,0.9999890754429251,0.9799892939340666,0.022,0.2,0.042,FAL MID2,FAL,MID,92,project_20260722T045210Z,2025-26,1
code:10083,82.29163173301089,0.16834840241187965,0.12775097374540031,0.0,3.628,0.999999757363131,0.999999497637952,0.979999507685193,0.02,0.19,0.034,FAL MID1,FAL,MID,105,project_20260722T045210Z,2025-26,1
code:10029,83.09874124553015,0.29008162144238353,0.11416398567434026,0.0,3.586,0.998305217227144,0.9976777826868396,0.9777242270331028,0.048,0.236,0.052,BIR FWD2,BIR,FWD,74,project_20260722T045210Z,2025-26,1
code:10069,82.29088355759373,0.18964205148822014,0.13786398895020738,0.0,3.554,0.9999935506601921,0.9999891709265478,0.9799893875080169,0.03,0.198,0.036,EXE MID2,EXE,MID,91,project_20260722T045210Z,2025-26,1
code:10014,83.10674817541127,0.3516425038216077,0.05173104170803886,0.0,3.552,0.9984466143536304,0.9977567934672757,0.9778016575979303,0.048,0.258,0.054,ALB FWD2,ALB,FWD,73,project_20260722T045210Z,2025-26,1
code:10071,81.88564468832945,0.1117595864784445,0.20991696979915925,0.0,3.514,0.9967154761823066,0.994360022140261,0.9744728216974557,0.062,0.182,0.034,EXE MID4,EXE,MID,65,project_20260722T045210Z,2025-26,1
code:10073,83.27547745872786,0.2920728903800519,0.0390651613335565,0.0,3.514,0.9999795574409995,0.9999696587544449,0.979970265579356,0.022,0.256,0.038,EXE FWD1,EXE,FWD,95,project_20260722T045210Z,2025-26,1
code:10040,82.27371862474855,0.1695237244165449,0.1123421496834534,0.0,3.486,0.9998466374598957,0.9997541848284216,0.9797591011318532,0.03,0.208,0.042,COV MID3,COV,MID,76,project_20260722T045210Z,2025-26,1
code:10013,83.27568494542706,0.25143661138588164,0.052829132017693195,0.0,3.45,0.9999853371780572,0.9999709049755091,0.9799714868759989,0.024,0.236,0.03,ALB FWD1,ALB,FWD,91,project_20260722T045210Z,2025-26,1
code:10028,83.27554117145893,0.3203160394051951,0.05719353792155274,0.0,3.422,0.9999811130280556,0.9999701244396034,0.9799707219508114,0.044,0.24,0.038,BIR FWD1,BIR,FWD,92,project_20260722T045210Z,2025-26,1
code:10046,80.31747526095418,1.1568954584857926e-06,1.0649522937465094e-06,3.5196644331832303,3.382,0.9924089570978306,0.9906309090619821,0.9708182908807425,0.152,0.268,0.016,DOR GKP1,DOR,GKP,58,project_20260722T045210Z,2025-26,1
code:10049,82.70625902175064,0.06512578310423145,0.03672519085387168,0.0,3.374,0.9998183619443883,0.9997448204421796,0.979749924033336,0.098,0.306,0.028,DOR DEF2,DOR,DEF,69,project_20260722T045210Z,2025-26,1
code:10085,82.27685126156078,0.1436186492448147,0.10584556432124968,0.0,3.374,0.9998712869059341,0.9997979959719059,0.9798020360524677,0.018,0.168,0.02,FAL MID3,FAL,MID,79,project_20260722T045210Z,2025-26,1
code:10068,82.29163227678778,0.14852621060023868,0.1368386514734994,0.0,3.368,0.9999997656821089,0.9999995035134477,0.9799995134431787,0.028,0.164,0.022,EXE MID1,EXE,MID,104,project_20260722T045210Z,2025-26,1
code:10010,82.26436541970803,0.14653655716994635,0.09144977097550405,0.0,3.334,0.9997945789737943,0.9996141571370257,0.9796218739942852,0.028,0.178,0.026,ALB MID3,COV,MID,74,project_20260722T045210Z,2025-26,1
code:10088,83.27548735965833,0.24351328383630172,0.056095205312911435,0.0,3.288,0.9999814396591907,0.999969109858982,0.9799697276618023,0.026,0.204,0.028,FAL FWD1,FAL,FWD,96,project_20260722T045210Z,2025-26,1
code:10026,81.87107429664752,0.11060880205478059,0.10095584928590919,0.0,3.268,0.9964142264451964,0.9942361251366479,0.974351402633915,0.038,0.148,0.018,BIR MID4,BIR,MID,62,project_20260722T045210Z,2025-26,1
code:10080,82.59184871328472,0.09963331293941416,0.047349107304302446,0.0,3.218,0.9986236775347157,0.9982902939724717,0.9783244880930223,0.13,0.282,0.032,FAL DEF3,FAL,DEF,63,project_20260722T045210Z,2025-26,1
code:10089,83.09611367237429,0.2417350668714898,0.1100470914083203,0.0,3.216,0.9983511759564115,0.9976168768937087,0.9776645393558345,0.098,0.206,0.024,FAL FWD2,FAL,FWD,78,project_20260722T045210Z,2025-26,1
code:10076,80.32095131796405,8.08579352488213e-07,6.97377646843764e-07,3.348768888363484,3.202,0.9920582241674883,0.9907421941296662,0.9709273502470729,0.124,0.256,0.004,FAL GKP1,FAL,GKP,60,project_20260722T045210Z,2025-26,1
code:10064,82.705686238567,0.02409453115084043,0.09410850256959181,0.0,3.194,0.9998249558091503,0.9997327630197143,0.9797381077593199,0.076,0.266,0.01,EXE DEF2,EXE,DEF,70,project_20260722T045210Z,2025-26,1
code:10061,80.39324953828539,1.1015392115729759e-06,9.371297118586164e-07,3.001338196337789,3.16,0.9927575658262933,0.9916676246747045,0.9718342721812103,0.104,0.252,0.008,EXE GKP1,EXE,GKP,59,project_20260722T045210Z,2025-26,1
code:10074,83.08746132562878,0.247254455055779,0.03890268433057695,0.0,3.154,0.9983895477819931,0.9974591009998458,0.9775099189798488,0.074,0.214,0.036,EXE FWD2,EXE,FWD,77,project_20260722T045210Z,2025-26,1
code:10016,80.2870997975732,8.245400149687918e-07,6.949404578935528e-07,3.160037726764908,3.142,0.9920903011323768,0.9902464129619665,0.9704414847027272,0.098,0.224,0.012,BIR GKP1,BIR,GKP,56,project_20260722T045210Z,2025-26,1
code:10051,81.81727462716083,0.06594294120328194,0.07382665788350071,0.0,3.118,0.9919666569904271,0.9878994401607747,0.9681414513575591,0.174,0.286,0.034,DOR DEF4,DOR,DEF,53,project_20260722T045210Z,2025-26,1
code:10063,82.72237148208885,0.02411881919939643,0.0317111523614982,0.0,3.094,0.9999722515143845,0.9999551149197575,0.9799560126213623,0.068,0.248,0.006,EXE DEF1,EXE,DEF,78,project_20260722T045210Z,2025-26,1
code:10038,82.2916320802993,0.12340606798168538,0.1162816456689315,0.0,3.092,0.999999736133665,0.9999995127520268,0.9799995224969863,0.028,0.15,0.02,COV MID1,COV,MID,102,project_20260722T045210Z,2025-26,1
code:10001,80.21469201011014,1.3162094127542998e-06,1.2316185597404735e-06,3.2004538946414223,3.052,0.9918600877115494,0.9892378738827737,0.9694531164051182,0.058,0.196,0.012,ALB GKP1,ALB,GKP,55,project_20260722T045210Z,2025-26,1
code:10004,82.7053126738338,0.029649751537870386,0.12737462780831071,0.0,3.042,0.9998368470922345,0.9997220165536557,0.9797275762225826,0.084,0.22,0.02,ALB DEF2,ALB,DEF,66,project_20260722T045210Z,2025-26,1
code:10005,82.56823838351661,0.0733078846305714,0.04202202589697913,0.0,3.016,0.9986181937449761,0.997898585278289,0.9779406135727232,0.106,0.226,0.038,ALB DEF3,ALB,DEF,58,project_20260722T045210Z,2025-26,1
code:10020,82.56961800539264,0.047153276534677935,0.024345729982987903,0.0,2.986,0.9985954770701708,0.9979302226192978,0.9779716181669118,0.12,0.23,0.026,BIR DEF3,BIR,DEF,59,project_20260722T045210Z,2025-26,1
code:10086,81.88830735908785,0.08229967544143836,0.10491573708510166,0.0,2.978,0.996926345204752,0.9943159654785935,0.9744296461690216,0.06,0.108,0.002,FAL MID4,FAL,MID,66,project_20260722T045210Z,2025-26,1
code:10050,82.59546334244553,0.025780397226454112,0.10895226893717008,0.0,2.972,0.9987956983020243,0.9982852544593214,0.9783195493701349,0.182,0.246,0.014,DOR DEF3,DOR,DEF,61,project_20260722T045210Z,2025-26,1
code:10044,83.10517349473534,0.18649661329846426,0.05065665059978446,0.0,2.956,0.9983401662095723,0.9977710365311058,0.9778156158004836,0.134,0.188,0.016,COV FWD2,COV,FWD,75,project_20260722T045210Z,2025-26,1
code:10019,82.7054282768027,0.0186127265666415,0.07202055995501053,0.0,2.954,0.9998351763055926,0.9997245791713637,0.9797300875879364,0.098,0.22,0.016,BIR DEF2,BIR,DEF,67,project_20260722T045210Z,2025-26,1
code:10003,82.7225427168524,0.07453745163331439,0.04272684634967282,0.0,2.95,0.9999746851340958,0.9999570467067183,0.9799579057725839,0.086,0.222,0.024,ALB DEF1,ALB,DEF,74,project_20260722T045210Z,2025-26,1
code:10081,81.83646166726987,0.04485484169622745,0.0470504261657748,0.0,2.906,0.9909696469811085,0.9885980836184237,0.9688261219460552,0.164,0.24,0.01,FAL DEF4,FAL,DEF,55,project_20260722T045210Z,2025-26,1
code:10078,82.72294418682893,0.017987169994477317,0.04759904536649119,0.0,2.894,0.9999741653015985,0.9999639401446777,0.9799646613417842,0.102,0.246,0.006,FAL DEF1,FAL,DEF,79,project_20260722T045210Z,2025-26,1
code:10065,82.58869299185329,0.02425582280631879,0.03189128316380955,0.0,2.888,0.9987250653842924,0.998199157096801,0.9782351739548649,0.136,0.25,0.006,EXE DEF3,EXE,DEF,62,project_20260722T045210Z,2025-26,1
code:10021,81.44020617888837,0.026194671472291778,0.03726535212553886,0.0,2.87,0.9876170893725721,0.9832622063682473,0.9635969622408824,0.156,0.24,0.012,BIR DEF4,DOR,DEF,51,project_20260722T045210Z,2025-26,1
code:10006,81.73125115933946,0.029035606307223495,0.08336277435698516,0.0,2.83,0.9904730378420347,0.987031895519849,0.967291257609452,0.09,0.2,0.018,ALB DEF4,ALB,DEF,50,project_20260722T045210Z,2025-26,1
code:10079,82.70473505262044,0.017622391791143267,0.023489104729989278,0.0,2.812,0.9998053184215973,0.9997243559572099,0.9797298688380657,0.118,0.248,0.006,FAL DEF2,FAL,DEF,71,project_20260722T045210Z,2025-26,1
code:10039,82.29091914606498,0.09551560811122024,0.06889723410960032,0.0,2.806,0.9999940305157237,0.9999895831093645,0.9799897914471771,0.032,0.096,0.012,COV MID2,COV,MID,89,project_20260722T045210Z,2025-26,1
code:10066,81.80666202801389,0.024203024416342048,0.0318218644341797,0.0,2.784,0.9910833362396191,0.9880578873787913,0.9682967296312155,0.144,0.234,0.006,EXE DEF4,EXE,DEF,54,project_20260722T045210Z,2025-26,1
code:10041,81.86298833673747,0.09426578391327738,0.09028228074935309,0.0,2.732,0.9959555974262266,0.9942921232142972,0.9744062807500112,0.126,0.124,0.012,COV MID4,COV,MID,63,project_20260722T045210Z,2025-26,1
code:10018,82.72291764468899,0.018447977770362136,0.02402928575773281,0.0,2.684,0.9999754796228888,0.9999629983242094,0.9799637383577252,0.112,0.204,0.008,BIR DEF1,BIR,DEF,75,project_20260722T045210Z,2025-26,1
code:10043,83.27553859907063,0.13160744725044296,0.0510553299018576,0.0,2.546,0.9999793150979294,0.9999707627424227,0.9799713474875742,0.032,0.078,0.008,COV FWD1,COV,FWD,93,project_20260722T045210Z,2025-26,1
code:10031,80.3031672536997,6.990854274778742e-07,6.182622770887453e-07,3.377497245638941,2.094,0.9917168211610676,0.9905439880899468,0.9707331083281479,0.196,0.096,0.006,COV GKP1,COV,GKP,57,project_20260722T045210Z,2025-26,1
code:10035,82.58959138860199,0.015609461486786073,0.042356537257057285,0.0,1.77,0.9986393981572312,0.9982466744691804,0.9782817409797967,0.266,0.102,0.0,COV DEF3,COV,DEF,60,project_20260722T045210Z,2025-26,1
code:10012,25.202938593948325,0.06550114356947978,0.09059354470466768,0.0,1.726,0.6340540750864738,0.1659512030394557,0.16263217897866658,0.248,0.064,0.008,ALB MID5,ALB,MID,48,project_20260722T045210Z,2025-26,1
code:10015,24.84956482756913,0.12624712377551414,0.02652567552525165,0.0,1.726,0.3993225501741807,0.26017117209659735,0.25496774865466537,0.298,0.062,0.0,ALB FWD3,ALB,FWD,55,project_20260722T045210Z,2025-26,1
code:10034,82.70618060319487,0.016163859490458826,0.022092446021010674,0.0,1.71,0.9998102713653682,0.9997465850176485,0.9797516533172955,0.212,0.112,0.002,COV DEF2,COV,DEF,68,project_20260722T045210Z,2025-26,1
code:10033,82.7228167301882,0.015608936821600194,0.02133398860464727,0.0,1.67,0.999972277245521,0.9999625313381703,0.9799632807114068,0.234,0.104,0.004,COV DEF1,COV,DEF,76,project_20260722T045210Z,2025-26,1
code:10036,81.69770870193251,0.015160038319534002,0.06155359687218425,0.0,1.656,0.9899158312815439,0.9866840549140726,0.9669503738157912,0.282,0.094,0.0,COV DEF4,COV,DEF,52,project_20260722T045210Z,2025-26,1
code:10011,20.49552338657847,0.04420093622239476,0.05584757819849204,0.0,1.526,0.24952397920779404,0.24886071264415702,0.24388349839127388,0.408,0.026,0.0,ALB MID4,ALB,MID,61,project_20260722T045210Z,2025-26,1
code:10057,27.56885209058558,0.06352673580069985,0.06509816093512184,0.0,1.442,0.47820047215407835,0.2737221769044393,0.2682477333663505,0.424,0.048,0.002,DOR MID5,DOR,MID,51,project_20260722T045210Z,2025-26,1
code:10027,21.902507167634376,0.03655519276979346,0.0342973906205019,0.0,1.372,0.43782922548828973,0.19267192374125633,0.1888184852664312,0.404,0.034,0.0,BIR MID5,BIR,MID,49,project_20260722T045210Z,2025-26,1
code:10072,23.377156093401855,0.05212368944558185,0.04936407877952393,0.0,1.366,0.39382895672611035,0.2370968936079444,0.2323549557357855,0.464,0.038,0.004,EXE MID5,EXE,MID,52,project_20260722T045210Z,2025-26,1
code:10022,21.31926573827459,0.007634701420045618,0.009944527491353506,0.0,1.36,0.3842470979560379,0.20965637600976386,0.20546324848956857,0.504,0.13,0.002,BIR DEF5,BIR,DEF,43,project_20260722T045210Z,2025-26,1
code:10042,26.032336705929797,0.03478215015949284,0.0342432571738435,0.0,1.178,0.4629513171146028,0.25358561186584977,0.24851389962853276,0.466,0.03,0.0,COV MID5,COV,MID,50,project_20260722T045210Z,2025-26,1
code:10052,20.648070044821583,0.010627891011874356,0.015119567402411731,0.0,1.11,0.35193662264579334,0.21073197272105124,0.20651733326663022,0.62,0.104,0.002,DOR DEF5,DOR,DEF,45,project_20260722T045210Z,2025-26,1
code:10030,18.591150743382528,0.04842133244514909,0.011660161104672394,0.0,1.108,0.3992810720875648,0.15657551800306344,0.15344400764300217,0.472,0.026,0.002,BIR FWD3,BIR,FWD,56,project_20260722T045210Z,2025-26,1
code:10007,15.7353117548319,0.008936049384349434,0.012922693056691874,0.0,0.976,0.3088663876226111,0.14514968303228518,0.14224668937163948,0.552,0.066,0.0,ALB DEF5,ALB,DEF,42,project_20260722T045210Z,2025-26,1
code:10067,14.600541018805254,0.007097834153334329,0.009332152557396469,0.0,0.928,0.29242448186166303,0.1324671273433974,0.12981778479652947,0.622,0.082,0.0,EXE DEF5,EXE,DEF,46,project_20260722T045210Z,2025-26,1
code:10082,13.863730770764175,0.004994191005781609,0.0066568191745306855,0.0,0.824,0.23847795542363806,0.14066492006658485,0.13785162166525314,0.676,0.068,0.004,FAL DEF5,FAL,DEF,47,project_20260722T045210Z,2025-26,1
code:10060,17.105545916854076,0.0630526626641703,0.016583317814316625,0.0,0.804,0.3917012526902164,0.13485107906017643,0.1321540574789729,0.566,0.016,0.0,DOR FWD3,DOR,FWD,58,project_20260722T045210Z,2025-26,1
season:2025-26:academy:86,14.695093149993667,0.025845600094833793,0.024814649075944245,0.0,0.792,0.3623461118221419,0.09990841460675347,0.0979102463146184,0.572,0.012,0.0,FAL MID5,FAL,MID,53,project_20260722T045210Z,2025-26,1
code:10090,15.305703669945842,0.041598547312382446,0.0102507465532187,0.0,0.742,0.2679347697504836,0.15192506287814536,0.14888656162058245,0.606,0.006,0.0,FAL FWD3,FAL,FWD,60,project_20260722T045210Z,2025-26,1
season:2025-26:academy:74,12.466903308550545,0.046672348222431326,0.01134465658389177,0.0,0.682,0.2843720091194301,0.09870230839179993,0.09672826222396393,0.628,0.016,0.002,EXE FWD3,EXE,FWD,59,project_20260722T045210Z,2025-26,1
code:10062,8.321811876037907,1.1015392115729759e-06,9.371297118586164e-07,0.34366526860088287,0.62,0.15245600062297127,0.09401618474185079,0.09213586104701377,0.764,0.064,0.002,EXE GKP2,EXE,GKP,49,project_20260722T045210Z,2025-26,1
code:10002,7.534599786408721,1.3162094127542998e-06,1.2316185597404735e-06,0.3111558273568107,0.618,0.16006627376613786,0.08129403139329944,0.07966815076543345,0.746,0.058,0.0,ALB GKP2,ALB,GKP,45,project_20260722T045210Z,2025-26,1
code:10077,8.714349012216697,8.08579352488213e-07,6.97377646843764e-07,0.3946074231277357,0.554,0.14801153609438458,0.10047288046943963,0.09846342286005083,0.776,0.054,0.0,FAL GKP2,FAL,GKP,50,project_20260722T045210Z,2025-26,1
code:10045,11.688830310377865,0.02777169600569408,0.007017410109271563,0.0,0.532,0.25634104171534966,0.096436442088302,0.09450771324653597,0.674,0.006,0.0,COV FWD3,COV,FWD,57,project_20260722T045210Z,2025-26,1
code:10017,8.158532140419153,8.245400149687918e-07,6.949404578935528e-07,0.33692231706167836,0.478,0.15709452375733907,0.09084566483987089,0.08902875154307346,0.796,0.04,0.0,BIR GKP2,BIR,GKP,46,project_20260722T045210Z,2025-26,1
code:10047,9.166727016546385,1.1568954584857926e-06,1.0649522937465094e-06,0.392624757465633,0.468,0.1778990780081218,0.10183015723900292,0.09979355409422286,0.804,0.044,0.0,DOR GKP2,DOR,GKP,48,project_20260722T045210Z,2025-26,1
code:10037,12.819355844112454,0.004019899949625382,0.005494320381798947,0.0,0.348,0.2614212713079583,0.11453301560469982,0.11224235529260582,0.794,0.03,0.0,COV DEF5,COV,DEF,44,project_20260722T045210Z,2025-26,1
code:10032,8.042734185969694,6.990854274778742e-07,6.182622770887453e-07,0.3321402172362911,0.196,0.14153767468527612,0.09187214611056704,0.0900347031883557,0.862,0.01,0.0,COV GKP2,COV,GKP,47,project_20260722T045210Z,2025-26,1
code:10024,82.29098382164348,0.3368462113792773,0.33242221010137735,0.0,5.354,0.999996410089756,0.9999896868736861,0.9799898931362123,0.008,0.41,0.132,BIR MID2,BIR,MID,88,project_20260722T045210Z,2025-26,2
code:10023,82.29163690070371,0.2964892562165206,0.26175579521473286,0.0,4.774,0.9999998641011034,0.9999995416262007,0.9799995507936767,0.004,0.344,0.098,BIR MID1,BIR,MID,101,project_20260722T045210Z,2025-26,2
code:10084,82.29095231402401,0.20130701352935018,0.29414027269822735,0.0,4.442,0.9999964252292444,0.999989133623184,0.9799893509507203,0.02,0.324,0.066,FAL MID2,FAL,MID,92,project_20260722T045210Z,2025-26,2
code:10083,82.29163431848953,0.24452461160874842,0.18510686176085916,0.0,4.388,0.9999998552282604,0.999999500613607,0.9799995106013348,0.02,0.318,0.056,FAL MID1,FAL,MID,105,project_20260722T045210Z,2025-26,2
code:10025,82.2765376962221,0.20894967740862508,0.2994958307613788,0.0,4.38,0.9999078508581926,0.9997769031101087,0.9797813650479065,0.006,0.276,0.074,BIR MID3,BIR,MID,75,project_20260722T045210Z,2025-26,2
code:10028,83.27578361696763,0.4630427221112208,0.0827936572241592,0.0,4.362,0.9999876830800981,0.9999716501238786,0.9799722171214009,0.03,0.374,0.098,BIR FWD1,BIR,FWD,92,project_20260722T045210Z,2025-26,2
code:10054,82.29100094303259,0.2008632674605372,0.22413565256027504,0.0,4.188,0.9999965662724063,0.9999899171363106,0.9799901187935843,0.022,0.272,0.064,DOR MID2,DOR,MID,90,project_20260722T045210Z,2025-26,2
code:10080,82.60248214931599,0.14473516034184258,0.06861609385672619,0.0,4.112,0.9990100093140319,0.9983209321802967,0.9783545135366908,0.088,0.408,0.06,FAL DEF3,FAL,DEF,63,project_20260722T045210Z,2025-26,2
code:10085,82.2781825411393,0.2086082258635804,0.15336913741549563,0.0,4.046,0.9999237163932936,0.999798655735729,0.9798026826210144,0.024,0.276,0.05,FAL MID3,FAL,MID,79,project_20260722T045210Z,2025-26,2
code:10029,83.1224109681414,0.41945464945745226,0.1653109603597864,0.0,4.018,0.9987749443118432,0.9978917582029375,0.9779339230388787,0.038,0.316,0.048,BIR FWD2,BIR,FWD,74,project_20260722T045210Z,2025-26,2
code:10088,83.2757842697943,0.3537022076196846,0.08128035197162409,0.0,3.982,0.9999887452843473,0.9999712586667902,0.9799718334934543,0.018,0.33,0.054,FAL FWD1,FAL,FWD,96,project_20260722T045210Z,2025-26,2
code:10040,82.27553280700005,0.24589274950095008,0.16307922612546538,0.0,3.948,0.9998941959674208,0.9997653097290585,0.9797700035344773,0.022,0.266,0.06,COV MID3,COV,MID,76,project_20260722T045210Z,2025-26,2
code:10089,83.11605007824726,0.3512023419131907,0.15949278333615102,0.0,3.872,0.9988325296138494,0.9977646422993317,0.9778093494533451,0.054,0.282,0.066,FAL FWD2,FAL,FWD,78,project_20260722T045210Z,2025-26,2
code:10038,82.29163326642144,0.17899552880126696,0.1687941968056327,0.0,3.858,0.9999998534959149,0.9999994830979991,0.9799994934360391,0.036,0.248,0.058,COV MID1,COV,MID,102,project_20260722T045210Z,2025-26,2
code:10081,81.91678500384369,0.06521521772001798,0.06824139594867175,0.0,3.848,0.9933086034696628,0.9890495294654195,0.9692685388761111,0.082,0.382,0.034,FAL DEF4,FAL,DEF,55,project_20260722T045210Z,2025-26,2
code:10076,80.35936141858102,1.1744545423502939e-06,1.0104767097188292e-06,3.350370295565894,3.786,0.9929760306880699,0.9911389243007522,0.9713161458147371,0.09,0.34,0.008,FAL GKP1,FAL,GKP,60,project_20260722T045210Z,2025-26,2
code:10053,82.29163721192934,0.2015777391404674,0.16905570441191287,0.0,3.774,0.9999998756745905,0.9999995420729909,0.979999551231531,0.02,0.232,0.056,DOR MID1,DOR,MID,103,project_20260722T045210Z,2025-26,2
code:10010,82.26494353765675,0.21254686190829236,0.13274922974616007,0.0,3.764,0.999875068041765,0.9995897358084145,0.9795979410922462,0.036,0.242,0.034,ALB MID3,COV,MID,74,project_20260722T045210Z,2025-26,2
code:10020,82.60631986735521,0.06819397207066907,0.03525856562641696,0.0,3.748,0.9989930942277885,0.9983913643119223,0.9784235370256839,0.078,0.344,0.04,BIR DEF3,BIR,DEF,59,project_20260722T045210Z,2025-26,2
code:10016,80.34329804360026,1.1919357587642606e-06,1.005996422728935e-06,3.1622496459657663,3.67,0.993000838692658,0.9909019980910624,0.9710839581292411,0.06,0.316,0.008,BIR GKP1,BIR,GKP,56,project_20260722T045210Z,2025-26,2
code:10008,82.29163488046227,0.17877564744462413,0.16613408396128568,0.0,3.668,0.9999998903940146,0.99999949531297,0.9799995054067107,0.01,0.218,0.042,ALB MID1,ALB,MID,100,project_20260722T045210Z,2025-26,2
code:10026,81.91244601569647,0.15997429559992862,0.14621762739110056,0.0,3.662,0.9975375755356448,0.9944732173966836,0.9745837530487499,0.014,0.198,0.032,BIR MID4,BIR,MID,62,project_20260722T045210Z,2025-26,2
code:10086,81.97066627591084,0.11965979600152078,0.15217226055472718,0.0,3.606,0.9975497901935279,0.995478318747138,0.9755687523721952,0.048,0.184,0.04,FAL MID4,FAL,MID,66,project_20260722T045210Z,2025-26,2
code:10055,82.27740406842742,0.1425027815332638,0.1699311557318013,0.0,3.59,0.9999243322125071,0.9997848828434227,0.9797891851865542,0.016,0.192,0.042,DOR MID3,DOR,MID,77,project_20260722T045210Z,2025-26,2
code:10019,82.70965516288084,0.026907497263739675,0.10426235475736295,0.0,3.556,0.9999008824601497,0.9997701256781899,0.9797747231646261,0.052,0.32,0.012,BIR DEF2,BIR,DEF,67,project_20260722T045210Z,2025-26,2
code:10058,83.27562068251116,0.2779238034764759,0.06135222348581193,0.0,3.548,0.9999878113985592,0.9999689040624,0.9799695259811521,0.042,0.25,0.044,DOR FWD1,DOR,FWD,94,project_20260722T045210Z,2025-26,2
code:10070,82.2767058279783,0.15565265882037424,0.12430316886126055,0.0,3.548,0.9999093634752955,0.9997791733146091,0.9797835898483169,0.012,0.186,0.046,EXE MID3,EXE,MID,78,project_20260722T045210Z,2025-26,2
code:10069,82.29097438044708,0.15306896090928782,0.09803859647352275,0.0,3.516,0.9999959195907417,0.9999897329956694,0.979989938335756,0.016,0.21,0.034,EXE MID2,EXE,MID,91,project_20260722T045210Z,2025-26,2
code:10078,82.72315673625552,0.026126276559225774,0.06896958993209588,0.0,3.492,0.9999824558568765,0.9999643367634707,0.9799650500282013,0.05,0.33,0.014,FAL DEF1,FAL,DEF,79,project_20260722T045210Z,2025-26,2
code:10079,82.70778360789542,0.025597315733433504,0.03403617575829721,0.0,3.438,0.9998672770745902,0.9997516725183685,0.9797566390680011,0.06,0.332,0.012,FAL DEF2,FAL,DEF,71,project_20260722T045210Z,2025-26,2
code:10014,83.12083776837,0.22499222156918983,0.031185771769842413,0.0,3.434,0.9989727536748885,0.9977908011083235,0.9778349850861571,0.036,0.246,0.016,ALB FWD2,ALB,FWD,73,project_20260722T045210Z,2025-26,2
code:10059,83.13623045198534,0.26103710316846807,0.06513693098426977,0.0,3.406,0.9989518089530977,0.9980535670722448,0.9780924957307999,0.07,0.228,0.038,DOR FWD2,DOR,FWD,76,project_20260722T045210Z,2025-26,2
code:10039,82.29096284146999,0.13854161220795766,0.10001113446773319,0.0,3.386,0.9999967547544493,0.9999891752571554,0.9799893917520123,0.024,0.192,0.034,COV MID2,COV,MID,89,project_20260722T045210Z,2025-26,2
code:10018,82.72324419195371,0.026668070418188528,0.03478495267099365,0.0,3.346,0.9999850271048424,0.9999648189526814,0.9799655225736278,0.046,0.29,0.008,BIR DEF1,BIR,DEF,75,project_20260722T045210Z,2025-26,2
code:10056,81.95023082576553,0.17156990422583965,0.14103220466125596,0.0,3.344,0.9981110105384394,0.9948834573966857,0.9749857882487519,0.08,0.2,0.03,DOR MID4,DOR,MID,64,project_20260722T045210Z,2025-26,2
code:10041,81.90044865666826,0.1367912857897856,0.13111354029154257,0.0,3.29,0.9968670674368175,0.9945520345896184,0.974660993897826,0.086,0.182,0.036,COV MID4,COV,MID,63,project_20260722T045210Z,2025-26,2
code:10009,82.29097783575301,0.11638657560434643,0.13855266991413842,0.0,3.288,0.9999971988059132,0.9999892453832042,0.9799894604755401,0.02,0.17,0.02,ALB MID2,ALB,MID,87,project_20260722T045210Z,2025-26,2
code:10068,82.29163629181421,0.1198823181004175,0.09730935020894005,0.0,3.27,0.9999998659323882,0.9999995302758982,0.9799995396703802,0.014,0.158,0.02,EXE MID1,EXE,MID,104,project_20260722T045210Z,2025-26,2
code:10044,83.11527668394908,0.27053870426560606,0.07354202787719559,0.0,3.264,0.9987206896486694,0.9977941930082723,0.9778383091481069,0.104,0.25,0.036,COV FWD2,COV,FWD,75,project_20260722T045210Z,2025-26,2
code:10071,81.94768627594163,0.09027463054503547,0.14939024443608964,0.0,3.262,0.9980711593276091,0.9948563588580294,0.9749592316808687,0.032,0.156,0.022,EXE MID4,EXE,MID,65,project_20260722T045210Z,2025-26,2
code:10011,81.90516007207435,0.11299942572083939,0.13452042944892675,0.0,3.152,0.9976698843504985,0.9942901447536437,0.9744043418585708,0.018,0.128,0.01,ALB MID4,ALB,MID,61,project_20260722T045210Z,2025-26,2
code:10043,83.27570602904044,0.1908916799913041,0.07411195942644143,0.0,3.04,0.999983624946066,0.9999719024614259,0.9799724644121973,0.036,0.176,0.014,COV FWD1,COV,FWD,93,project_20260722T045210Z,2025-26,2
code:10013,83.27589264219604,0.16085038920641523,0.03184243041671997,0.0,2.964,0.999988758205168,0.9999730479361242,0.9799735869774017,0.02,0.148,0.024,ALB FWD1,ALB,FWD,91,project_20260722T045210Z,2025-26,2
code:10074,83.12301295010239,0.1996557961174412,0.027676497069731444,0.0,2.924,0.9988722618291361,0.9978648694354532,0.9779075720467441,0.036,0.158,0.016,EXE FWD2,EXE,FWD,77,project_20260722T045210Z,2025-26,2
code:10031,80.32492752469095,1.0139952273952047e-06,8.974682321692046e-07,3.3784124680124887,2.77,0.9925537895872906,0.990713657999664,0.9708993848396708,0.146,0.192,0.004,COV GKP1,COV,GKP,57,project_20260722T045210Z,2025-26,2
code:10048,82.72300269481848,0.07362472421904012,0.05216751753298048,0.0,2.696,0.9999852575317275,0.9999607035702351,0.9799614894988304,0.142,0.198,0.026,DOR DEF1,DOR,DEF,77,project_20260722T045210Z,2025-26,2
code:10036,81.76756667779335,0.02200782672011139,0.08942747506792952,0.0,2.69,0.9924482225870183,0.9868874920929991,0.967149742251139,0.16,0.176,0.024,COV DEF4,COV,DEF,52,project_20260722T045210Z,2025-26,2
code:10046,80.34381755102743,8.1909732081607e-07,7.652491350677776e-07,3.5208188024055964,2.6,0.9937393161380114,0.9907811935902521,0.970965569718447,0.156,0.142,0.004,DOR GKP1,DOR,GKP,58,project_20260722T045210Z,2025-26,2
code:10061,80.3992217903366,8.891027865398673e-07,6.664160885191255e-07,3.001561159687354,2.472,0.9936051438377768,0.9916068231352364,0.9717746866725316,0.12,0.138,0.0,EXE GKP1,EXE,GKP,59,project_20260722T045210Z,2025-26,2
code:10050,82.6070173601139,0.018255416325402465,0.07830143491886758,0.0,2.46,0.9991217092806498,0.9983541544278908,0.9783870713393329,0.162,0.164,0.004,DOR DEF3,DOR,DEF,61,project_20260722T045210Z,2025-26,2
code:10001,80.34740388347258,8.420105056420403e-07,7.42348567513397e-07,3.2057489125655008,2.452,0.9936505918845548,0.9908485454991492,0.9710315745891662,0.112,0.132,0.004,ALB GKP1,ALB,GKP,55,project_20260722T045210Z,2025-26,2
code:10049,82.70754791764904,0.04611063634562983,0.02639025116259436,0.0,2.388,0.9998669518018222,0.9997478650217007,0.9797529077212667,0.132,0.168,0.012,DOR DEF2,DOR,DEF,69,project_20260722T045210Z,2025-26,2
code:10033,82.72306796435835,0.02264020231067465,0.030968467423880305,0.0,2.384,0.9999789777829357,0.9999641770003964,0.9799648934603885,0.136,0.182,0.01,COV DEF1,COV,DEF,76,project_20260722T045210Z,2025-26,2
code:10035,82.58978591287449,0.022640947883301604,0.061484805972481404,0.0,2.354,0.9988588736438329,0.9981665702829806,0.978203238877321,0.206,0.17,0.0,COV DEF3,COV,DEF,60,project_20260722T045210Z,2025-26,2
code:10034,82.70964121865909,0.02344600750293109,0.0320706904298391,0.0,2.32,0.9998570499909726,0.9997865390442192,0.9797908082633349,0.142,0.152,0.01,COV DEF2,COV,DEF,68,project_20260722T045210Z,2025-26,2
code:10021,81.48092555769243,0.01855544757043255,0.026791375571683436,0.0,2.176,0.9892145134955225,0.9833347133182203,0.9636680190518558,0.192,0.14,0.002,BIR DEF4,DOR,DEF,51,project_20260722T045210Z,2025-26,2
code:10065,82.5978071046952,0.019580146886468176,0.022681182001193664,0.0,2.162,0.999055462652746,0.9982256967072688,0.9782611827731234,0.142,0.14,0.008,EXE DEF3,EXE,DEF,62,project_20260722T045210Z,2025-26,2
code:10064,82.70768312489123,0.01944827001810594,0.06692449680850246,0.0,2.14,0.9998780948120308,0.9997458884119833,0.9797509706437436,0.144,0.126,0.006,EXE DEF2,EXE,DEF,70,project_20260722T045210Z,2025-26,2
code:10066,81.87024165202243,0.019550553115467637,0.022646901272348436,0.0,2.14,0.9928735975247006,0.9884384427063188,0.9686696738521924,0.164,0.136,0.004,EXE DEF4,EXE,DEF,54,project_20260722T045210Z,2025-26,2
code:10063,82.72284197201061,0.019467515180555887,0.02255071208001718,0.0,2.128,0.999982511853555,0.9999590656179292,0.9799598843055707,0.122,0.14,0.004,EXE DEF1,EXE,DEF,78,project_20260722T045210Z,2025-26,2
code:10004,82.70913016219889,0.01896852764354262,0.07677761612913683,0.0,2.118,0.9999036941753159,0.9997603015285099,0.9797650954979397,0.144,0.13,0.012,ALB DEF2,ALB,DEF,66,project_20260722T045210Z,2025-26,2
code:10005,82.59781523442834,0.046913598506554036,0.025337524244445544,0.0,2.054,0.9990279551421013,0.9982362786287498,0.9782715530561747,0.166,0.138,0.008,ALB DEF3,ALB,DEF,58,project_20260722T045210Z,2025-26,2
code:10006,81.83535417882442,0.018598427931188023,0.0503102677747258,0.0,1.982,0.9925341118758325,0.9879854866036505,0.9682257768715775,0.162,0.118,0.016,ALB DEF4,ALB,DEF,50,project_20260722T045210Z,2025-26,2
code:10003,82.72317207357206,0.047683745627183735,0.025753472326919304,0.0,1.944,0.999983482852011,0.9999642025565451,0.9799649185054141,0.154,0.118,0.012,ALB DEF1,ALB,DEF,74,project_20260722T045210Z,2025-26,2
code:10027,22.600313656634764,0.054526902319721314,0.05123073131477919,0.0,1.602,0.49643945890596425,0.1796929631864812,0.17609910392275158,0.332,0.044,0.004,BIR MID5,BIR,MID,49,project_20260722T045210Z,2025-26,2
code:10022,17.266150610659853,0.008938331373752701,0.011658865036654018,0.0,1.46,0.35188355371423596,0.15434587373886546,0.15125895626408814,0.526,0.16,0.002,BIR DEF5,BIR,DEF,43,project_20260722T045210Z,2025-26,2
code:10015,23.611340403918376,0.07673895224540772,0.015191475502061983,0.0,1.35,0.5399055304071227,0.18643184651680664,0.1827032095864705,0.358,0.046,0.0,ALB FWD3,ALB,FWD,55,project_20260722T045210Z,2025-26,2
code:10057,26.285397916004055,0.04288385335420115,0.04460024929946694,0.0,1.274,0.6403058597788354,0.1820596391865703,0.1784184464028389,0.322,0.034,0.0,DOR MID5,DOR,MID,51,project_20260722T045210Z,2025-26,2
code:10030,19.30083594817352,0.07266875093035013,0.01752359625150635,0.0,1.222,0.4475403374150597,0.1500485749703128,0.14704760347090653,0.442,0.024,0.0,BIR FWD3,BIR,FWD,56,project_20260722T045210Z,2025-26,2
code:10042,24.193310789961792,0.04688611396786181,0.04619591299749786,0.0,1.216,0.5223624472960544,0.19624070148938447,0.19231588745959677,0.412,0.02,0.0,COV MID5,COV,MID,50,project_20260722T045210Z,2025-26,2
code:10012,21.36646943256537,0.03552409188596634,0.046292484243271516,0.0,1.2,0.554247554771747,0.13353630799471772,0.13086558183482336,0.386,0.024,0.0,ALB MID5,ALB,MID,48,project_20260722T045210Z,2025-26,2
code:10073,20.819070583403864,0.05893692386754603,0.00694511744332856,0.0,1.15,0.249997842796446,0.24999462748202617,0.24499473493238563,0.516,0.03,0.004,EXE FWD1,EXE,FWD,95,project_20260722T045210Z,2025-26,2
season:2025-26:academy:74,19.18734183955783,0.0579786213000034,0.012416332705419154,0.0,1.128,0.3034307653588484,0.20274503147899303,0.19869013084941317,0.504,0.034,0.0,EXE FWD3,EXE,FWD,59,project_20260722T045210Z,2025-26,2
code:10072,20.792839826116953,0.03742047448167422,0.03122330948567863,0.0,1.094,0.4319922557075627,0.17591376749669538,0.17239549214676148,0.468,0.022,0.002,EXE MID5,EXE,MID,52,project_20260722T045210Z,2025-26,2
code:10007,24.727964397978752,0.008983614203131074,0.012240458730158605,0.0,0.96,0.3637671761204715,0.27428678428575975,0.26880104860004456,0.504,0.06,0.002,ALB DEF5,ALB,DEF,42,project_20260722T045210Z,2025-26,2
code:10051,20.55722806953911,0.011730843696664103,0.013329241845244194,0.0,0.952,0.24920676460836277,0.2482298125109509,0.24326521626073186,0.626,0.08,0.0,DOR DEF4,DOR,DEF,53,project_20260722T045210Z,2025-26,2
season:2025-26:academy:86,14.695093149993667,0.037540511438658365,0.035955590295404294,0.0,0.918,0.3623461118221419,0.09990841460675347,0.0979102463146184,0.566,0.026,0.004,FAL MID5,FAL,MID,53,project_20260722T045210Z,2025-26,2
code:10060,17.42123520393053,0.04546600815733251,0.012136294965263535,0.0,0.874,0.4217862003262107,0.12868407972999055,0.12611039813539074,0.51,0.016,0.0,DOR FWD3,DOR,FWD,58,project_20260722T045210Z,2025-26,2
code:10082,13.64404581341538,0.007139072065619955,0.00949266376627209,0.0,0.854,0.2735723818431934,0.12367328999433631,0.12119982419444958,0.684,0.088,0.0,FAL DEF5,FAL,DEF,47,project_20260722T045210Z,2025-26,2
code:10017,8.158532140419153,1.1919357587642606e-06,1.005996422728935e-06,0.33692231706167836,0.818,0.15709452375733907,0.09084566483987089,0.08902875154307346,0.698,0.08,0.0,BIR GKP2,BIR,GKP,46,project_20260722T045210Z,2025-26,2
code:10047,17.182041695124628,8.1909732081607e-07,7.652491350677776e-07,0.7359327861662809,0.736,0.24518430251601847,0.2062083195243631,0.20208415313387584,0.672,0.06,0.0,DOR GKP2,DOR,GKP,48,project_20260722T045210Z,2025-26,2
code:10052,16.499828847331596,0.00601296195221058,0.00868184512113933,0.0,0.704,0.31550971079160806,0.15537800032451654,0.1522704403180262,0.692,0.06,0.002,DOR DEF5,DOR,DEF,45,project_20260722T045210Z,2025-26,2
code:10090,13.57771839394719,0.05360005379861806,0.01317611198588355,0.0,0.656,0.2731522039290647,0.12134146803702649,0.11891463867628596,0.644,0.01,0.0,FAL FWD3,FAL,FWD,60,project_20260722T045210Z,2025-26,2
code:10077,8.714349012216697,1.1744545423502939e-06,1.0104767097188292e-06,0.3946074231277357,0.622,0.14801153609438458,0.10047288046943963,0.09846342286005083,0.784,0.066,0.0,FAL GKP2,FAL,GKP,50,project_20260722T045210Z,2025-26,2
code:10045,11.688830310377865,0.04028172537945733,0.010186457881321224,0.0,0.554,0.25634104171534966,0.096436442088302,0.09450771324653597,0.71,0.012,0.002,COV FWD3,COV,FWD,57,project_20260722T045210Z,2025-26,2
code:10067,14.848962207437156,0.005826463238475096,0.006749238088016973,0.0,0.534,0.3343496835202018,0.120688857584138,0.11827508043245524,0.678,0.034,0.0,EXE DEF5,EXE,DEF,46,project_20260722T045210Z,2025-26,2
code:10037,12.819355844112454,0.005830702805853252,0.007975544008997557,0.0,0.524,0.2614212713079583,0.11453301560469982,0.11224235529260582,0.738,0.046,0.0,COV DEF5,COV,DEF,44,project_20260722T045210Z,2025-26,2
code:10062,8.321811876037907,8.891027865398673e-07,6.664160885191255e-07,0.34366526860088287,0.366,0.15245600062297127,0.09401618474185079,0.09213586104701377,0.806,0.026,0.0,EXE GKP2,EXE,GKP,49,project_20260722T045210Z,2025-26,2
code:10002,7.534599786408721,8.420105056420403e-07,7.42348567513397e-07,0.3111558273568107,0.354,0.16006627376613786,0.08129403139329944,0.07966815076543345,0.786,0.028,0.0,ALB GKP2,ALB,GKP,45,project_20260722T045210Z,2025-26,2
code:10032,2.281127937792095,1.0139952273952047e-06,8.974682321692046e-07,0.09420357695318891,0.098,0.04514167169576641,0.02518881882057294,0.024685042444161483,0.944,0.006,0.0,COV GKP2,COV,GKP,47,project_20260722T045210Z,2025-26,2
code:10054,82.29101239149824,0.28392964691804307,0.3128771085692873,0.0,4.934,0.9999978224352369,0.9999895781014444,0.9799897865394155,0.022,0.376,0.1,DOR MID2,DOR,MID,90,project_20260722T045210Z,2025-26,3
code:10053,82.29163827255987,0.28493955017000316,0.23598946754975753,0.0,4.544,0.9999999102454693,0.9999995456804908,0.9799995547668809,0.034,0.332,0.08,DOR MID1,DOR,MID,103,project_20260722T045210Z,2025-26,3
code:10008,82.29164009853122,0.26094316269492723,0.24106026647414416,0.0,4.416,0.9999999172924555,0.9999995743511318,0.9799995828641092,0.012,0.312,0.068,ALB MID1,ALB,MID,100,project_20260722T045210Z,2025-26,3
code:10023,82.29163865278737,0.24498601805033274,0.23172010644546043,0.0,4.31,0.9999998978083815,0.9999995576025561,0.979999566450505,0.002,0.282,0.068,BIR MID1,BIR,MID,101,project_20260722T045210Z,2025-26,3
code:10025,82.27747488519131,0.17265492885866204,0.265132601004506,0.0,4.266,0.9999306543214312,0.9997834055577034,0.9797877374465493,0.004,0.28,0.064,BIR MID3,BIR,MID,75,project_20260722T045210Z,2025-26,3
code:10056,81.97705285391697,0.24260144733484668,0.19693513267477866,0.0,4.226,0.9984156631222905,0.9952185075384031,0.9753141373876351,0.06,0.316,0.068,DOR MID4,DOR,MID,64,project_20260722T045210Z,2025-26,3
code:10028,83.27591201846595,0.38260801291481983,0.07329344598362926,0.0,4.064,0.9999921452140973,0.9999720860340148,0.9799726443133344,0.01,0.328,0.068,BIR FWD1,BIR,FWD,92,project_20260722T045210Z,2025-26,3
code:10048,82.7232935765742,0.10407235137764775,0.07282231534094025,0.0,3.928,0.9999895755223929,0.9999639153078529,0.9799646370016958,0.072,0.36,0.06,DOR DEF1,DOR,DEF,77,project_20260722T045210Z,2025-26,3
code:10029,83.12972481236623,0.34662154448900373,0.14635489912771518,0.0,3.888,0.99912781187858,0.9978792090886062,0.977921624906834,0.02,0.282,0.046,BIR FWD2,BIR,FWD,74,project_20260722T045210Z,2025-26,3
code:10070,82.27866233872942,0.19153835184360574,0.1746291275111898,0.0,3.884,0.9999412711482237,0.9997994675414009,0.9798034781905729,0.028,0.236,0.042,EXE MID3,EXE,MID,78,project_20260722T045210Z,2025-26,3
code:10058,83.27584350968513,0.39285932444746724,0.08564346975678316,0.0,3.878,0.9999917985983295,0.9999710831009154,0.9799716614388971,0.034,0.254,0.084,DOR FWD1,DOR,FWD,94,project_20260722T045210Z,2025-26,3
code:10055,82.27799738047845,0.20143578811319784,0.2372132414216821,0.0,3.866,0.999943643950541,0.99978691244596,0.9797911741970408,0.034,0.248,0.038,DOR MID3,DOR,MID,77,project_20260722T045210Z,2025-26,3
code:10069,82.29099584019473,0.188354552950941,0.13772771908196454,0.0,3.852,0.999997579025598,0.9999893950697897,0.9799896071683939,0.024,0.246,0.046,EXE MID2,EXE,MID,91,project_20260722T045210Z,2025-26,3
code:10011,81.95581416829586,0.16503736335602714,0.1953096106764886,0.0,3.764,0.9984796184673785,0.9948225639236531,0.97492611264518,0.022,0.244,0.036,ALB MID4,ALB,MID,61,project_20260722T045210Z,2025-26,3
code:10009,82.2910843610166,0.16987950515603908,0.20103993022698052,0.0,3.722,0.9999982302918509,0.9999906524451356,0.9799908393962329,0.004,0.204,0.034,ALB MID2,ALB,MID,87,project_20260722T045210Z,2025-26,3
code:10071,81.99150159384115,0.11114418330643448,0.2099802935684925,0.0,3.614,0.9983232352262443,0.9955088091093643,0.9755986329271771,0.04,0.19,0.042,EXE MID4,EXE,MID,65,project_20260722T045210Z,2025-26,3
code:10046,80.41094346779627,1.1578323088940772e-06,1.0682321204610922e-06,3.523760387671175,3.592,0.9952718703536129,0.991486933567138,0.9716571948957953,0.094,0.314,0.008,DOR GKP1,DOR,GKP,58,project_20260722T045210Z,2025-26,3
code:10084,82.29107948518468,0.13799230073848553,0.20110866438068511,0.0,3.58,0.9999974226054368,0.9999909135661703,0.9799910952948468,0.02,0.198,0.028,FAL MID2,FAL,MID,92,project_20260722T045210Z,2025-26,3
code:10014,83.14205028511982,0.32848523771483734,0.045262045622839545,0.0,3.574,0.9993771133431211,0.9979888514261915,0.9780290743976677,0.03,0.234,0.052,ALB FWD2,ALB,FWD,73,project_20260722T045210Z,2025-26,3
code:10083,82.29164035096512,0.1676169323658792,0.12656049644122822,0.0,3.566,0.9999998998237641,0.9999995862093236,0.9799995944851371,0.008,0.196,0.042,FAL MID1,FAL,MID,105,project_20260722T045210Z,2025-26,3
code:10059,83.15398324972708,0.3690669270983106,0.09094583322725573,0.0,3.564,0.9992887400919702,0.9982198756148254,0.9782554781025289,0.082,0.234,0.052,DOR FWD2,DOR,FWD,76,project_20260722T045210Z,2025-26,3
code:10068,82.29163852354255,0.14751766146630915,0.13670321893786588,0.0,3.556,0.9999999052998316,0.9999995521529433,0.9799995611098845,0.016,0.214,0.028,EXE MID1,EXE,MID,104,project_20260722T045210Z,2025-26,3
code:10073,83.27589674731718,0.2900910435778104,0.03902669112922047,0.0,3.544,0.999990324570031,0.9999725227040689,0.9799730722499875,0.02,0.24,0.046,EXE FWD1,EXE,FWD,95,project_20260722T045210Z,2025-26,3
code:10049,82.70869726592926,0.06518044327744031,0.03683938265729125,0.0,3.412,0.9999165902917632,0.9997481838871995,0.9797532202094555,0.086,0.326,0.018,DOR DEF2,DOR,DEF,69,project_20260722T045210Z,2025-26,3
code:10040,82.27719591523909,0.16861397416067003,0.11150318932038962,0.0,3.406,0.9999339387992643,0.9997771584935456,0.9797816153236747,0.032,0.192,0.032,COV MID3,COV,MID,76,project_20260722T045210Z,2025-26,3
code:10026,81.94728265838735,0.13224132678719547,0.12949464200004415,0.0,3.404,0.9983701024706572,0.9947213905557971,0.9748269627446812,0.02,0.15,0.02,BIR MID4,BIR,MID,62,project_20260722T045210Z,2025-26,3
code:10051,81.965391403487,0.06611581716373073,0.07418809098855471,0.0,3.388,0.9955756904757362,0.9889992692034363,0.9692192838193675,0.14,0.322,0.036,DOR DEF4,DOR,DEF,53,project_20260722T045210Z,2025-26,3
code:10016,80.38407959881759,9.84884217460591e-07,8.905613455629394e-07,3.1638547762216587,3.374,0.9943191381932446,0.9912634746009461,0.9714382051089272,0.036,0.244,0.008,BIR GKP1,BIR,GKP,56,project_20260722T045210Z,2025-26,3
code:10089,83.1373594254239,0.2408041749457301,0.10907569462140898,0.0,3.322,0.9992195698514249,0.9979708546988327,0.9780114376048561,0.072,0.212,0.038,FAL FWD2,FAL,FWD,78,project_20260722T045210Z,2025-26,3
code:10080,82.61932993608282,0.09923340550600149,0.046923476573345974,0.0,3.32,0.9993403485435065,0.9984764819917286,0.978506952351894,0.086,0.292,0.052,FAL DEF3,FAL,DEF,63,project_20260722T045210Z,2025-26,3
code:10074,83.1358425489226,0.245718481982674,0.038886808777126546,0.0,3.314,0.9992117764602894,0.9979486934220122,0.977989719553572,0.05,0.21,0.03,EXE FWD2,EXE,FWD,77,project_20260722T045210Z,2025-26,3
code:10085,82.27934101988807,0.14299894157129997,0.10486237982983722,0.0,3.31,0.9999437178573078,0.9998101977626807,0.9798139938074271,0.014,0.18,0.014,FAL MID3,FAL,MID,79,project_20260722T045210Z,2025-26,3
code:10050,82.61307372638878,0.02580677526713167,0.10931112029560906,0.0,3.24,0.9993936205425452,0.9983519053960482,0.9783848672881272,0.114,0.308,0.02,DOR DEF3,DOR,DEF,61,project_20260722T045210Z,2025-26,3
code:10038,82.2916413017334,0.122738634670773,0.11540840073740978,0.0,3.218,0.9999998969617441,0.9999996039336582,0.979999611854985,0.024,0.164,0.022,COV MID1,COV,MID,102,project_20260722T045210Z,2025-26,3
code:10076,80.40482517806356,8.050660089627067e-07,6.908788979129317e-07,3.3522657863538514,3.214,0.9945044131410644,0.991531697479223,0.9717010635296385,0.084,0.228,0.004,FAL GKP1,FAL,GKP,60,project_20260722T045210Z,2025-26,3
code:10064,82.7089071662888,0.023931850333112535,0.09401901533960715,0.0,3.202,0.9999085167570394,0.9997547507944295,0.979759655778541,0.072,0.258,0.014,EXE DEF2,EXE,DEF,70,project_20260722T045210Z,2025-26,3
code:10088,83.27586956681402,0.2424563114591746,0.05557271827235319,0.0,3.174,0.9999919787001252,0.9999714462845489,0.979972017358858,0.036,0.192,0.02,FAL FWD1,FAL,FWD,96,project_20260722T045210Z,2025-26,3
code:10061,80.44936338729877,1.094059260738486e-06,9.362021407633905e-07,3.0034331065367756,3.172,0.9951652822794813,0.9920618181810217,0.9722205818174012,0.094,0.252,0.004,EXE GKP1,EXE,GKP,59,project_20260722T045210Z,2025-26,3
code:10013,83.27597895756193,0.23477946086882404,0.046203356035040936,0.0,3.168,0.9999923442487382,0.9999731188702662,0.9799736564928608,0.028,0.18,0.028,ALB FWD1,ALB,FWD,91,project_20260722T045210Z,2025-26,3
code:10010,82.27086170801941,0.14575551702880074,0.09077016420910096,0.0,3.15,0.9999042211293304,0.9996799581228505,0.9796863589603935,0.042,0.162,0.028,ALB MID3,COV,MID,74,project_20260722T045210Z,2025-26,3
code:10019,82.71065736980113,0.022233656726780137,0.0922996801480753,0.0,3.146,0.999925452579609,0.9997775104399512,0.9797819602311522,0.07,0.26,0.014,BIR DEF2,BIR,DEF,67,project_20260722T045210Z,2025-26,3
code:10020,82.61864166139091,0.056356380428856274,0.031217406581401392,0.0,3.104,0.9993417033870793,0.9984644878981178,0.9784951981401554,0.092,0.258,0.022,BIR DEF3,BIR,DEF,59,project_20260722T045210Z,2025-26,3
code:10001,80.44141830674404,1.2290089482154776e-06,1.077146410221328e-06,3.2094999564150952,3.082,0.9944942294836422,0.9920633756660707,0.9722221081527493,0.062,0.192,0.008,ALB GKP1,ALB,GKP,55,project_20260722T045210Z,2025-26,3
code:10021,81.5983112470596,0.026266778405109117,0.037452689904239354,0.0,3.046,0.9929081495397886,0.9838898567649391,0.9642120596296403,0.136,0.296,0.01,BIR DEF4,DOR,DEF,51,project_20260722T045210Z,2025-26,3
code:10063,82.72322022852723,0.02395528726131728,0.03168008969938365,0.0,2.98,0.9999892229921264,0.9999628258305893,0.9799635693139774,0.082,0.268,0.008,EXE DEF1,EXE,DEF,78,project_20260722T045210Z,2025-26,3
code:10005,82.61145713292568,0.06848697809573838,0.03677077329474824,0.0,2.974,0.999388322071164,0.9983269547693135,0.9783604156739273,0.108,0.234,0.024,ALB DEF3,ALB,DEF,58,project_20260722T045210Z,2025-26,3
code:10018,82.7234143892812,0.0220355967259222,0.030793546867044136,0.0,2.97,0.9999895851391182,0.9999659266629956,0.9799666081297356,0.072,0.246,0.02,BIR DEF1,BIR,DEF,75,project_20260722T045210Z,2025-26,3
code:10039,82.29107533235306,0.09499918811286871,0.06837995591214134,0.0,2.966,0.9999978590747647,0.9999906546668204,0.9799908415734839,0.032,0.128,0.012,COV MID2,COV,MID,89,project_20260722T045210Z,2025-26,3
code:10065,82.61026687605379,0.024097407868768857,0.03186803958882069,0.0,2.966,0.9993463083767758,0.9983230579856377,0.9783565968259249,0.106,0.252,0.012,EXE DEF3,EXE,DEF,62,project_20260722T045210Z,2025-26,3
code:10086,81.98228926780227,0.08203612022847183,0.10405733242687626,0.0,2.952,0.9984780125606418,0.995282689075455,0.9753770352939459,0.04,0.108,0.012,FAL MID4,FAL,MID,66,project_20260722T045210Z,2025-26,3
code:10041,81.93239738483904,0.09383543604716305,0.08968024688943903,0.0,2.904,0.9979893190669269,0.9946260740047116,0.9747335525246174,0.054,0.126,0.016,COV MID4,COV,MID,63,project_20260722T045210Z,2025-26,3
code:10066,81.96117264047892,0.024084077445284593,0.031850410536532335,0.0,2.898,0.9954051436888438,0.9889936727449428,0.9692137992900439,0.096,0.252,0.006,EXE DEF4,EXE,DEF,54,project_20260722T045210Z,2025-26,3
code:10044,83.12809266982927,0.18553909311035974,0.05029009212628448,0.0,2.882,0.999215205748963,0.9978190913679388,0.97786270954058,0.07,0.142,0.022,COV FWD2,COV,FWD,75,project_20260722T045210Z,2025-26,3
code:10003,82.72330610644448,0.06959989765061433,0.03736830166854258,0.0,2.872,0.9999887824731852,0.9999644254612013,0.9799651369519773,0.094,0.236,0.016,ALB DEF1,ALB,DEF,74,project_20260722T045210Z,2025-26,3
code:10004,82.70948217983442,0.027686815392765945,0.11140465436306964,0.0,2.838,0.9999309570962606,0.9997558193078045,0.9797607029216484,0.054,0.216,0.012,ALB DEF2,ALB,DEF,66,project_20260722T045210Z,2025-26,3
code:10081,81.98871390611775,0.04474303110515724,0.04669868990232599,0.0,2.824,0.9953259655412415,0.9894830960590402,0.9696934341378594,0.1,0.234,0.008,FAL DEF4,FAL,DEF,55,project_20260722T045210Z,2025-26,3
code:10006,81.93122824804907,0.027178298868314674,0.07308562943712581,0.0,2.72,0.9952147476836295,0.9885665424527308,0.9687952116036762,0.082,0.196,0.004,ALB DEF4,ALB,DEF,50,project_20260722T045210Z,2025-26,3
code:10043,83.27582926892626,0.13089609955649933,0.05067208883618494,0.0,2.618,0.9999889807717606,0.9999719144703612,0.979972476180954,0.046,0.112,0.01,COV FWD1,COV,FWD,93,project_20260722T045210Z,2025-26,3
code:10078,82.7234813534366,0.017909130560642906,0.04715578380707976,0.0,2.6,0.9999879317584134,0.9999676714350486,0.9799683180063476,0.094,0.21,0.004,FAL DEF1,FAL,DEF,79,project_20260722T045210Z,2025-26,3
code:10079,82.70964001912307,0.017546861644508083,0.023271593666861677,0.0,2.56,0.9999143886484001,0.9997647439519325,0.9797694490728939,0.116,0.202,0.006,FAL DEF2,FAL,DEF,71,project_20260722T045210Z,2025-26,3
code:10031,80.38664417940645,6.953043936582737e-07,6.1361921934436e-07,3.381008229032139,2.28,0.994535602722862,0.9912629968151068,0.9714377368788046,0.16,0.118,0.008,COV GKP1,COV,GKP,57,project_20260722T045210Z,2025-26,3
code:10036,81.94606190018686,0.015123880404864187,0.06127705032416655,0.0,1.884,0.9949276468958722,0.9889229796893236,0.9691445200955372,0.214,0.098,0.004,COV DEF4,COV,DEF,52,project_20260722T045210Z,2025-26,3
code:10035,82.60484731811064,0.015527904819234497,0.042046211293762584,0.0,1.8,0.999348392622505,0.9982318749124541,0.9782672374142051,0.216,0.102,0.004,COV DEF3,COV,DEF,60,project_20260722T045210Z,2025-26,3
code:10033,82.72327295161944,0.015524600829263595,0.021173890297979007,0.0,1.692,0.9999851145567842,0.9999652654175103,0.97996596010916,0.206,0.102,0.0,COV DEF1,COV,DEF,76,project_20260722T045210Z,2025-26,3
code:10027,19.107412723320575,0.03809171910207353,0.03834293716966069,0.0,1.688,0.4465687787227456,0.14042602194926132,0.1376175015102761,0.274,0.032,0.002,BIR MID5,BIR,MID,49,project_20260722T045210Z,2025-26,3
code:10022,17.266150610659853,0.007385650976331658,0.01032104518484653,0.0,1.618,0.35188355371423596,0.15434587373886546,0.15125895626408814,0.372,0.148,0.0,BIR DEF5,BIR,DEF,43,project_20260722T045210Z,2025-26,3
code:10034,82.7109345801222,0.016077360634732227,0.021927795381326658,0.0,1.598,0.9999121076931918,0.9997872018574211,0.9797914578202727,0.198,0.092,0.0,COV DEF2,COV,DEF,68,project_20260722T045210Z,2025-26,3
code:10012,22.07233250260355,0.05356436780213723,0.06938934931667995,0.0,1.576,0.5930248872616285,0.1291867294313819,0.12660299484275425,0.304,0.05,0.002,ALB MID5,ALB,MID,48,project_20260722T045210Z,2025-26,3
code:10057,26.285397916004055,0.0606183290819471,0.06225870334115851,0.0,1.396,0.6403058597788354,0.1820596391865703,0.1784184464028389,0.324,0.038,0.002,DOR MID5,DOR,MID,51,project_20260722T045210Z,2025-26,3
code:10030,16.680662445733933,0.05189400614779034,0.013406882938929781,0.0,1.376,0.3923521432853241,0.12757041069255334,0.12501900247870226,0.324,0.024,0.004,BIR FWD3,BIR,FWD,56,project_20260722T045210Z,2025-26,3
code:10042,30.263309059067055,0.04021651283026011,0.039509772810227474,0.0,1.362,0.6001736459271529,0.2682694280757302,0.2629040395142156,0.328,0.012,0.0,COV MID5,COV,MID,50,project_20260722T045210Z,2025-26,3
code:10015,20.899927317164057,0.09914653326333471,0.019511513311487347,0.0,1.306,0.48307839317782153,0.16306384301493218,0.15980256615463354,0.374,0.03,0.0,ALB FWD3,ALB,FWD,55,project_20260722T045210Z,2025-26,3
code:10072,22.273406291503306,0.04932544320789894,0.04698680571446725,0.0,1.21,0.5405087553173336,0.15515586973840773,0.15205275234363957,0.414,0.04,0.002,EXE MID5,EXE,MID,52,project_20260722T045210Z,2025-26,3
code:10007,20.927907764839215,0.011097523507904073,0.015031489000371968,0.0,1.206,0.4518669246972862,0.1774495163199961,0.17390052599359615,0.458,0.088,0.002,ALB DEF5,ALB,DEF,42,project_20260722T045210Z,2025-26,3
season:2025-26:academy:86,20.37097738205825,0.0356726182943893,0.03407858597161677,0.0,1.066,0.3493224298307462,0.20398017260274492,0.19990056915069002,0.502,0.012,0.0,FAL MID5,FAL,MID,53,project_20260722T045210Z,2025-26,3
code:10067,14.848962207437156,0.007169582819792677,0.00948154052007399,0.0,0.948,0.3343496835202018,0.120688857584138,0.11827508043245524,0.588,0.082,0.0,EXE DEF5,EXE,DEF,46,project_20260722T045210Z,2025-26,3
code:10017,8.158532140419153,9.84884217460591e-07,8.905613455629394e-07,0.33692231706167836,0.878,0.15709452375733907,0.09084566483987089,0.08902875154307346,0.604,0.072,0.0,BIR GKP2,BIR,GKP,46,project_20260722T045210Z,2025-26,3
code:10060,17.814205750642955,0.0657180251380183,0.01732353142195901,0.0,0.822,0.4549181629273182,0.12264258443435266,0.1201897327456656,0.518,0.012,0.0,DOR FWD3,DOR,FWD,58,project_20260722T045210Z,2025-26,3
code:10052,16.499828847331596,0.00849960248128262,0.012119224182393936,0.0,0.778,0.31550971079160806,0.15537800032451654,0.1522704403180262,0.716,0.074,0.004,DOR DEF5,DOR,DEF,45,project_20260722T045210Z,2025-26,3
code:10047,12.378430804257365,1.1578323088940772e-06,1.0682321204610922e-06,0.5301868795213376,0.776,0.2134323452171959,0.14216441505206617,0.13932112675102484,0.746,0.092,0.0,DOR GKP2,DOR,GKP,48,project_20260722T045210Z,2025-26,3
code:10090,13.577718393947137,0.03674180637548184,0.009008716024852816,0.0,0.774,0.2731522039290642,0.12134146803702582,0.11891463867628531,0.6,0.016,0.0,FAL FWD3,FAL,FWD,60,project_20260722T045210Z,2025-26,3
season:2025-26:academy:74,15.526424105989793,0.05773157301594747,0.014114780533835206,0.0,0.724,0.31108417147983736,0.13923819388456496,0.13645343000687365,0.62,0.01,0.0,EXE FWD3,EXE,FWD,59,project_20260722T045210Z,2025-26,3
code:10082,13.64404581341533,0.00489369664666983,0.006490284256947334,0.0,0.692,0.2735723818431928,0.12367328999433568,0.12119982419444895,0.684,0.054,0.0,FAL DEF5,FAL,DEF,47,project_20260722T045210Z,2025-26,3
code:10045,11.688830310377865,0.027621491584749375,0.006964710403077611,0.0,0.598,0.25634104171534966,0.096436442088302,0.09450771324653597,0.654,0.004,0.004,COV FWD3,COV,FWD,57,project_20260722T045210Z,2025-26,3
code:10002,7.534599786408721,1.2290089482154776e-06,1.077146410221328e-06,0.3111558273568107,0.498,0.16006627376613786,0.08129403139329944,0.07966815076543345,0.764,0.036,0.0,ALB GKP2,ALB,GKP,45,project_20260722T045210Z,2025-26,3
code:10062,8.321811876037907,1.094059260738486e-06,9.362021407633905e-07,0.34366526860088287,0.494,0.15245600062297127,0.09401618474185079,0.09213586104701377,0.782,0.04,0.002,EXE GKP2,EXE,GKP,49,project_20260722T045210Z,2025-26,3
code:10077,8.71434901221667,8.050660089627067e-07,6.908788979129317e-07,0.39460742312773456,0.418,0.14801153609438428,0.10047288046943931,0.09846342286005053,0.794,0.026,0.0,FAL GKP2,FAL,GKP,50,project_20260722T045210Z,2025-26,3
code:10037,12.819355844112454,0.003998158146601709,0.00545305885292326,0.0,0.324,0.2614212713079583,0.11453301560469982,0.11224235529260582,0.786,0.022,0.0,COV DEF5,COV,DEF,44,project_20260722T045210Z,2025-26,3
code:10032,8.042734185969694,6.953043936582737e-07,6.1361921934436e-07,0.3321402172362911,0.246,0.14153767468527612,0.09187214611056704,0.0900347031883557,0.882,0.018,0.0,COV GKP2,COV,GKP,47,project_20260722T045210Z,2025-26,3
code:10024,0.0,0.0033822970087568393,0.0035760631751669265,0.0,0.006,0.0,0.0,0.0,0.994,0.0,0.0,BIR MID2,BIR,MID,88,project_20260722T045210Z,2025-26,3
code:10023,82.29164088880813,0.2984699963453495,0.26320541914395484,0.0,5.11,0.9999999333397127,0.999999581196157,0.9799995895722338,0.012,0.386,0.12,BIR MID1,BIR,MID,101,project_20260722T045210Z,2025-26,4
code:10024,82.29104192486876,0.33909678508126917,0.33426340994009096,0.0,5.072,0.9999984984490836,0.9999898012400528,0.9799900052152517,0.006,0.394,0.11,BIR MID2,BIR,MID,88,project_20260722T045210Z,2025-26,4
code:10025,82.27863990889784,0.21035096074885984,0.30116214201321184,0.0,4.85,0.9999510868567016,0.9997948766409118,0.9797989791080935,0.006,0.352,0.088,BIR MID3,BIR,MID,75,project_20260722T045210Z,2025-26,4
code:10028,83.27607429896285,0.46613775169276817,0.08325246149487037,0.0,4.48,0.9999944082770565,0.9999739156341718,0.9799744373214884,0.018,0.356,0.09,BIR FWD1,BIR,FWD,92,project_20260722T045210Z,2025-26,4
code:10083,82.29164243537895,0.24443346036224922,0.1874689764309323,0.0,4.446,0.9999999319593711,0.9999996086255581,0.979999616453047,0.018,0.326,0.064,FAL MID1,FAL,MID,105,project_20260722T045210Z,2025-26,4
code:10084,82.29111179382531,0.20123234261150236,0.29789429063731654,0.0,4.41,0.9999982652585608,0.9999911135348801,0.9799912912641825,0.02,0.306,0.074,FAL MID2,FAL,MID,92,project_20260722T045210Z,2025-26,4
code:10029,83.14209794170208,0.4223568661801939,0.16626582684268865,0.0,4.334,0.9993756594215976,0.9979901910175163,0.978030387197166,0.026,0.354,0.08,BIR FWD2,BIR,FWD,74,project_20260722T045210Z,2025-26,4
code:10080,82.61825663647645,0.14470882283642958,0.06950495511086364,0.0,4.284,0.9994980717275258,0.9983986832875517,0.9784307096218006,0.05,0.418,0.062,FAL DEF3,FAL,DEF,63,project_20260722T045210Z,2025-26,4
code:10040,82.27823250136612,0.24893567074363926,0.16420010217128544,0.0,4.08,0.9999505990889017,0.9997880154534758,0.9797922551444063,0.022,0.282,0.06,COV MID3,COV,MID,76,project_20260722T045210Z,2025-26,4
code:10085,82.27931569130384,0.20853331449067383,0.15532837667410446,0.0,4.07,0.999953080838683,0.9998057503505363,0.9798096353435256,0.02,0.268,0.064,FAL MID3,FAL,MID,79,project_20260722T045210Z,2025-26,4
code:10016,80.42376628057094,1.199898602940887e-06,1.0115676600483433e-06,3.1654168131106095,4.022,0.9958876612530237,0.9915656140141785,0.971734301733895,0.026,0.368,0.012,BIR GKP1,BIR,GKP,56,project_20260722T045210Z,2025-26,4
code:10086,82.02620959599197,0.11969622995562938,0.15421851532515152,0.0,3.98,0.998910231840362,0.9958598503646513,0.9759426533573583,0.022,0.26,0.046,FAL MID4,FAL,MID,66,project_20260722T045210Z,2025-26,4
code:10076,80.45015261690939,1.1740166260574789e-06,1.0233711165076369e-06,3.354155593614665,3.978,0.9961396597074115,0.9919039264743107,0.9720658479448244,0.054,0.372,0.006,FAL GKP1,FAL,GKP,60,project_20260722T045210Z,2025-26,4
code:10020,82.62601424980325,0.06866591552762658,0.0354622812211138,0.0,3.946,0.9995360892678724,0.998513633082034,0.9785433604203934,0.048,0.358,0.042,BIR DEF3,BIR,DEF,59,project_20260722T045210Z,2025-26,4
code:10088,83.27615504718966,0.35357189768999264,0.08231791400837665,0.0,3.896,0.9999942205301723,0.9999753235650637,0.9799758170937624,0.026,0.29,0.052,FAL FWD1,FAL,FWD,96,project_20260722T045210Z,2025-26,4
code:10089,83.14782856582782,0.35120561806531064,0.16158978394786525,0.0,3.892,0.999414627294491,0.9980703071017653,0.9781089009597299,0.056,0.284,0.05,FAL FWD2,FAL,FWD,78,project_20260722T045210Z,2025-26,4
code:10038,82.29164272207619,0.18120467233559517,0.16994879600957913,0.0,3.846,0.999999936702764,0.9999996115703486,0.9799996193389415,0.03,0.236,0.046,COV MID1,COV,MID,102,project_20260722T045210Z,2025-26,4
code:10026,81.97191006400588,0.16115992823662684,0.14713411885170347,0.0,3.808,0.9987614980159797,0.9949812253873325,0.9750816008795858,0.018,0.234,0.03,BIR MID4,BIR,MID,62,project_20260722T045210Z,2025-26,4
code:10053,82.29164099166454,0.19738790050261457,0.16353122436723413,0.0,3.808,0.9999999308892502,0.9999995840300163,0.979999592349416,0.048,0.266,0.036,DOR MID1,DOR,MID,103,project_20260722T045210Z,2025-26,4
code:10010,82.27218411841118,0.21518900593414042,0.13366901989787192,0.0,3.78,0.999927615875537,0.9996928924392988,0.9796990345905128,0.03,0.24,0.05,ALB MID3,COV,MID,74,project_20260722T045210Z,2025-26,4
code:10054,82.29111119456714,0.19668853376142165,0.21681152516311725,0.0,3.778,0.9999985322200788,0.9999909888614059,0.9799911690841778,0.038,0.236,0.042,DOR MID2,DOR,MID,90,project_20260722T045210Z,2025-26,4
code:10019,82.71114602002291,0.027087743701011566,0.10484165245360925,0.0,3.768,0.9999437028012838,0.9997787297699183,0.97978315517452,0.048,0.362,0.01,BIR DEF2,BIR,DEF,67,project_20260722T045210Z,2025-26,4
code:10081,82.00896066448632,0.06526425616972802,0.06918997254854779,0.0,3.728,0.9961957228958089,0.989490485628438,0.9697006759158692,0.092,0.346,0.034,FAL DEF4,FAL,DEF,55,project_20260722T045210Z,2025-26,4
code:10018,82.72355615769273,0.02684633033040473,0.03497772465357334,0.0,3.684,0.9999918195589792,0.9999674426361618,0.9799680937834385,0.028,0.34,0.018,BIR DEF1,BIR,DEF,75,project_20260722T045210Z,2025-26,4
code:10056,81.96095003181222,0.16802575259972852,0.13644132754571128,0.0,3.538,0.9989198189050018,0.9947232595601824,0.9748287943689787,0.036,0.192,0.034,DOR MID4,DOR,MID,64,project_20260722T045210Z,2025-26,4
code:10078,82.72362495551914,0.02611668273325305,0.06985008666852087,0.0,3.474,0.9999904358283926,0.9999691155885229,0.9799697332767524,0.062,0.332,0.014,FAL DEF1,FAL,DEF,79,project_20260722T045210Z,2025-26,4
code:10008,82.2916417736689,0.179259491358081,0.16276604691794191,0.0,3.444,0.99999994321014,0.9999995923265731,0.9799996004800416,0.016,0.2,0.026,ALB MID1,ALB,MID,100,project_20260722T045210Z,2025-26,4
code:10079,82.71075574868277,0.025588690826261747,0.034471740459482925,0.0,3.436,0.9999337151365673,0.9997760134673318,0.9797804931979851,0.062,0.34,0.012,FAL DEF2,FAL,DEF,71,project_20260722T045210Z,2025-26,4
code:10055,82.2788885638098,0.13954334043883518,0.16438102553806314,0.0,3.376,0.9999573074302401,0.9997965289462999,0.9798005983673739,0.036,0.178,0.038,DOR MID3,DOR,MID,77,project_20260722T045210Z,2025-26,4
code:10044,83.15249031163333,0.2740002569727037,0.0740782198491711,0.0,3.334,0.9994002442615736,0.9981529317403514,0.9781898731055443,0.066,0.204,0.042,COV FWD2,COV,FWD,75,project_20260722T045210Z,2025-26,4
code:10039,82.2910810055842,0.1402516631374413,0.10069537143565131,0.0,3.326,0.9999984034838244,0.9999905200806918,0.979990709679078,0.032,0.17,0.024,COV MID2,COV,MID,89,project_20260722T045210Z,2025-26,4
code:10070,82.27939257597019,0.12973377271298545,0.1203651572412751,0.0,3.314,0.9999543223877921,0.9998065531234358,0.979810422060967,0.024,0.18,0.026,EXE MID3,EXE,MID,78,project_20260722T045210Z,2025-26,4
code:10009,82.29109697253939,0.11670172699310292,0.13574397615625214,0.0,3.256,0.9999988307585368,0.9999906142674558,0.9799908019821068,0.006,0.152,0.026,ALB MID2,ALB,MID,87,project_20260722T045210Z,2025-26,4
code:10058,83.27592280625095,0.27214806957200915,0.059347539901566645,0.0,3.252,0.9999942611286322,0.9999714633182828,0.9799720340519171,0.03,0.2,0.02,DOR FWD1,DOR,FWD,94,project_20260722T045210Z,2025-26,4
code:10041,81.9707176673441,0.13859834596905712,0.13212364053418207,0.0,3.216,0.9984942942430727,0.9950749109359068,0.9751734127171887,0.052,0.144,0.022,COV MID4,COV,MID,63,project_20260722T045210Z,2025-26,4
code:10011,81.97774692693815,0.11340565591879653,0.13191008436349058,0.0,3.196,0.9988836993543302,0.9950302069622214,0.975129602822977,0.016,0.162,0.014,ALB MID4,ALB,MID,61,project_20260722T045210Z,2025-26,4
code:10068,82.29164032306396,0.099916560555035,0.09422344945361612,0.0,3.182,0.9999999322161954,0.9999995718593978,0.9799995804222098,0.012,0.152,0.018,EXE MID1,EXE,MID,104,project_20260722T045210Z,2025-26,4
code:10059,83.14569032275514,0.25564046193874956,0.06301552307628266,0.0,3.142,0.9994942831873068,0.998004741050558,0.9780446462295469,0.062,0.21,0.022,DOR FWD2,DOR,FWD,76,project_20260722T045210Z,2025-26,4
code:10073,83.27599067681867,0.19648448255725073,0.026899392382835893,0.0,3.132,0.9999931664280802,0.9999730015230849,0.9799735414926232,0.026,0.184,0.014,EXE FWD1,EXE,FWD,95,project_20260722T045210Z,2025-26,4
code:10031,80.46193065687929,1.0265097293096812e-06,9.036070604016505e-07,3.3841747276771432,3.098,0.9963291474412439,0.9920415575032328,0.9722007263531681,0.102,0.218,0.002,COV GKP1,COV,GKP,57,project_20260722T045210Z,2025-26,4
code:10014,83.14624344202485,0.22567008295726654,0.030562878529038662,0.0,3.052,0.9995240381550808,0.9980026297963605,0.9780425772004332,0.034,0.172,0.022,ALB FWD2,ALB,FWD,73,project_20260722T045210Z,2025-26,4
code:10071,81.97654803165747,0.07526637026876347,0.14470367932339925,0.0,2.972,0.9988891442143042,0.9950070711387643,0.975106929715989,0.042,0.12,0.01,EXE MID4,EXE,MID,65,project_20260722T045210Z,2025-26,4
code:10069,82.29109878002453,0.12757633248252448,0.0949297085160365,0.0,2.936,0.9999983525394057,0.9999908503378601,0.9799910333311028,0.018,0.124,0.018,EXE MID2,EXE,MID,91,project_20260722T045210Z,2025-26,4
code:10046,80.43488051115659,8.020721619683429e-07,7.402419379519169e-07,3.524809354410694,2.914,0.9966395899807945,0.9915958952252351,0.9717639773207304,0.136,0.192,0.006,DOR GKP1,DOR,GKP,58,project_20260722T045210Z,2025-26,4
code:10048,82.72365311126727,0.07209498130670684,0.050463157856977865,0.0,2.86,0.9999923975377457,0.9999688402076243,0.9799694634034718,0.134,0.232,0.01,DOR DEF1,DOR,DEF,77,project_20260722T045210Z,2025-26,4
code:10074,83.14289185893838,0.1664439808607354,0.026805220053205635,0.0,2.784,0.9994454164916149,0.9979769171951883,0.9780173788512846,0.044,0.13,0.01,EXE FWD2,EXE,FWD,77,project_20260722T045210Z,2025-26,4
code:10013,83.27607780849247,0.16128606476251375,0.03119695543329973,0.0,2.764,0.9999955074761242,0.9999735574610903,0.9799740863118684,0.016,0.132,0.006,ALB FWD1,ALB,FWD,91,project_20260722T045210Z,2025-26,4
code:10034,82.71238440369787,0.02373616009255457,0.032291130099216574,0.0,2.678,0.9999343038748221,0.9998029538470489,0.9798068947701079,0.12,0.204,0.012,COV DEF2,COV,DEF,68,project_20260722T045210Z,2025-26,4
code:10035,82.62957875289634,0.022931420727326273,0.06193519883371968,0.0,2.632,0.9995226737755957,0.9985781793093363,0.9786066157231496,0.128,0.198,0.006,COV DEF3,COV,DEF,60,project_20260722T045210Z,2025-26,4
code:10051,82.08799563359825,0.04586931805425038,0.051486264559621395,0.0,2.608,0.9967181431908465,0.9906102958497244,0.9707980899327299,0.176,0.22,0.016,DOR DEF4,DOR,DEF,53,project_20260722T045210Z,2025-26,4
code:10050,82.62314906630745,0.017879463435729673,0.07575745236219954,0.0,2.596,0.9995493444663105,0.9984608115182896,0.9784915952879237,0.152,0.19,0.012,DOR DEF3,DOR,DEF,61,project_20260722T045210Z,2025-26,4
code:10049,82.71130461213642,0.045154265203974676,0.025529016739298815,0.0,2.586,0.9999395099594901,0.9997829671762014,0.9797873078326773,0.126,0.2,0.012,DOR DEF2,DOR,DEF,69,project_20260722T045210Z,2025-26,4
code:10036,82.00712843364379,0.022344716462420342,0.09030296932046616,0.0,2.546,0.9963859143691361,0.9893876986391578,0.9695999446663746,0.15,0.18,0.008,COV DEF4,COV,DEF,52,project_20260722T045210Z,2025-26,4
code:10033,82.72332591379579,0.022919694083758973,0.031180393989887895,0.0,2.422,0.999990464310938,0.9999641171241267,0.9799648347816441,0.132,0.164,0.006,COV DEF1,COV,DEF,76,project_20260722T045210Z,2025-26,4
code:10021,81.66441905934283,0.01821068555805567,0.025974235547515472,0.0,2.406,0.994309230538771,0.9844603753311495,0.9647711678245265,0.18,0.186,0.004,BIR DEF4,DOR,DEF,51,project_20260722T045210Z,2025-26,4
code:10061,80.44620356644232,7.410274464721624e-07,6.452824874569397e-07,3.0033151402761193,2.378,0.9960537529956818,0.9918616681809288,0.9720244348173102,0.138,0.126,0.002,EXE GKP1,EXE,GKP,59,project_20260722T045210Z,2025-26,4
code:10001,80.48095036228422,8.442892780621383e-07,7.272988706892137e-07,3.2110772300783887,2.3,0.9964880214926397,0.9922893756063601,0.9724435880942329,0.126,0.102,0.002,ALB GKP1,ALB,GKP,55,project_20260722T045210Z,2025-26,4
code:10043,62.45718998148188,0.14493666925588347,0.05596454072556647,0.0,2.206,0.7499951244593035,0.7499829176091568,0.7349832592569736,0.258,0.096,0.006,COV FWD1,COV,FWD,93,project_20260722T045210Z,2025-26,4
code:10064,82.7102541106351,0.016209767957980525,0.06480418005750034,0.0,2.2,0.9999334788714396,0.999767736486969,0.9797723817572297,0.142,0.122,0.002,EXE DEF2,EXE,DEF,70,project_20260722T045210Z,2025-26,4
code:10065,82.6240327627185,0.016324359074625688,0.02196888220529968,0.0,2.084,0.9995262788567704,0.9984843099455004,0.9785146237465904,0.142,0.138,0.004,EXE DEF3,EXE,DEF,62,project_20260722T045210Z,2025-26,4
code:10066,81.9512693294435,0.0163106392992959,0.02195041850165744,0.0,2.058,0.9964429813366094,0.9884343656430422,0.9686656783301814,0.162,0.118,0.006,EXE DEF4,EXE,DEF,54,project_20260722T045210Z,2025-26,4
code:10004,82.71099993548246,0.0190202930319195,0.07522279735976886,0.0,1.946,0.9999513772751193,0.9997733787804407,0.9797779112048318,0.158,0.1,0.0,ALB DEF2,ALB,DEF,66,project_20260722T045210Z,2025-26,4
code:10063,82.72337247015874,0.016225408124800875,0.021835716685546878,0.0,1.922,0.999993113443569,0.9999638875850844,0.9799646098333826,0.158,0.114,0.002,EXE DEF1,EXE,DEF,78,project_20260722T045210Z,2025-26,4
code:10003,82.72359005634249,0.047813035966570404,0.025231497440027215,0.0,1.908,0.9999923974621864,0.9999677885578023,0.9799684327866462,0.188,0.116,0.006,ALB DEF1,ALB,DEF,74,project_20260722T045210Z,2025-26,4
code:10005,82.61560483629012,0.04705069438950266,0.024829200887186282,0.0,1.862,0.9995593873437043,0.9983311691389055,0.9783645457561274,0.194,0.12,0.004,ALB DEF3,ALB,DEF,58,project_20260722T045210Z,2025-26,4
code:10006,81.98185420104227,0.018682146368782293,0.049378561913199746,0.0,1.778,0.9964038861944239,0.988959330525622,0.9691801439151095,0.188,0.094,0.006,ALB DEF4,ALB,DEF,50,project_20260722T045210Z,2025-26,4
code:10012,29.72559531640072,0.04955580596363283,0.0630976697963605,0.0,1.656,0.6084972628183987,0.25537520463132696,0.2502677005387004,0.242,0.034,0.002,ALB MID5,ALB,MID,48,project_20260722T045210Z,2025-26,4
code:10027,19.827681079454557,0.04815706196570035,0.04519459654899017,0.0,1.458,0.48612578949596863,0.13599268150780616,0.13327282787765005,0.384,0.04,0.002,BIR MID5,BIR,MID,49,project_20260722T045210Z,2025-26,4
code:10022,16.354317234284004,0.008522853882160137,0.011104312309500725,0.0,1.32,0.37401660641943424,0.13073230692282675,0.1281176607843702,0.52,0.13,0.0,BIR DEF5,BIR,DEF,43,project_20260722T045210Z,2025-26,4
code:10042,26.4993538031287,0.051988989609562136,0.0509452930598077,0.0,1.304,0.6228573629513195,0.19324145510333154,0.1893766260012649,0.38,0.032,0.0,COV MID5,COV,MID,50,project_20260722T045210Z,2025-26,4
code:10057,22.567396945680212,0.03605277117561531,0.037040346188386926,0.0,1.186,0.5666069221607543,0.14908621025101848,0.1461044860459981,0.4,0.032,0.0,DOR MID5,DOR,MID,51,project_20260722T045210Z,2025-26,4
code:10090,19.729478787406777,0.07785599801266392,0.019390229075764234,0.0,1.106,0.29035154050725415,0.21667359978796052,0.21234012779220132,0.546,0.036,0.002,FAL FWD3,FAL,FWD,60,project_20260722T045210Z,2025-26,4
season:2025-26:academy:74,24.666098079669524,0.06212062941618349,0.015455511692545068,0.0,1.076,0.3482987314044912,0.2764568983934258,0.2709277604255573,0.534,0.038,0.0,EXE FWD3,EXE,FWD,59,project_20260722T045210Z,2025-26,4
code:10030,17.3626597739359,0.06580812693178698,0.015851190094466353,0.0,1.064,0.433520090947896,0.1232706171377788,0.12080520479502323,0.454,0.022,0.0,BIR FWD3,BIR,FWD,56,project_20260722T045210Z,2025-26,4
code:10072,19.51742374905431,0.029275228644989496,0.02837866900652275,0.0,1.016,0.48165327603403607,0.1325230878996052,0.1298726261416131,0.436,0.018,0.0,EXE MID5,EXE,MID,52,project_20260722T045210Z,2025-26,4
code:10015,18.23555111856777,0.0594275573569127,0.01149484836835307,0.0,0.99,0.42748370929793844,0.14000782049279717,0.13720766408294122,0.46,0.018,0.0,ALB FWD3,ALB,FWD,55,project_20260722T045210Z,2025-26,4
code:10052,22.1205387069747,0.007893737016957544,0.011258982204428803,0.0,0.862,0.3444529872581159,0.23813294306825825,0.23337028420689307,0.628,0.07,0.0,DOR DEF5,DOR,DEF,45,project_20260722T045210Z,2025-26,4
code:10017,8.158532140419126,1.199898602940887e-06,1.0115676600483433e-06,0.3369223170616772,0.844,0.15709452375733873,0.09084566483987054,0.08902875154307313,0.686,0.078,0.0,BIR GKP2,BIR,GKP,46,project_20260722T045210Z,2025-26,4
code:10007,26.195872474690063,0.009542657963762646,0.012704197396107775,0.0,0.832,0.4297698839369615,0.27370431482682633,0.2682302285302898,0.524,0.05,0.002,ALB DEF5,ALB,DEF,42,project_20260722T045210Z,2025-26,4
code:10045,18.62926396618544,0.06499199464873279,0.01634588229480293,0.0,0.81,0.2862917454241414,0.19999643615814922,0.19599650743498623,0.62,0.014,0.0,COV FWD3,COV,FWD,57,project_20260722T045210Z,2025-26,4
code:10060,17.814205750642905,0.04552524411163436,0.012004511216557167,0.0,0.808,0.4549181629273178,0.122642584434352,0.12018973274566495,0.49,0.008,0.0,DOR FWD3,DOR,FWD,58,project_20260722T045210Z,2025-26,4
code:10082,13.644045813415337,0.007136410135455432,0.009613796957106065,0.0,0.8,0.27357238184319294,0.12367328999433579,0.12119982419444907,0.7,0.076,0.0,FAL DEF5,FAL,DEF,47,project_20260722T045210Z,2025-26,4
code:10077,8.71434901221667,1.1740166260574789e-06,1.0233711165076369e-06,0.39460742312773456,0.744,0.14801153609438428,0.10047288046943931,0.09846342286005053,0.748,0.08,0.0,FAL GKP2,FAL,GKP,50,project_20260722T045210Z,2025-26,4
code:10037,12.819355844112435,0.005902664033534797,0.00803009802325297,0.0,0.594,0.26142127130795806,0.11453301560469958,0.1122423552926056,0.734,0.048,0.0,COV DEF5,COV,DEF,44,project_20260722T045210Z,2025-26,4
code:10067,14.848962207437115,0.004856096776362443,0.006535204081810985,0.0,0.558,0.3343496835202014,0.12068885758413746,0.1182750804324547,0.68,0.042,0.0,EXE DEF5,EXE,DEF,46,project_20260722T045210Z,2025-26,4
code:10047,12.251920331177525,8.020721619683429e-07,7.402419379519169e-07,0.5247682449617859,0.556,0.21558817157340812,0.13995778029069936,0.13715862468488538,0.744,0.044,0.0,DOR GKP2,DOR,GKP,48,project_20260722T045210Z,2025-26,4
code:10002,7.534599786408689,8.442892780621383e-07,7.272988706892137e-07,0.31115582735680936,0.384,0.16006627376613747,0.08129403139329903,0.07966815076543306,0.774,0.022,0.0,ALB GKP2,ALB,GKP,45,project_20260722T045210Z,2025-26,4
code:10062,8.32181187603788,7.410274464721624e-07,6.452824874569397e-07,0.34366526860088176,0.38,0.15245600062297096,0.09401618474185046,0.09213586104701345,0.806,0.028,0.002,EXE GKP2,EXE,GKP,49,project_20260722T045210Z,2025-26,4
code:10032,8.042734185969687,1.0265097293096812e-06,9.036070604016505e-07,0.33214021723629084,0.34,0.14153767468527603,0.09187214611056697,0.09003470318835563,0.836,0.026,0.0,COV GKP2,COV,GKP,47,project_20260722T045210Z,2025-26,4
season:2025-26:academy:86,5.331169109172855,0.013614081180174318,0.013210625647589657,0.0,0.272,0.12906039411031733,0.03726992429995709,0.036524525813957945,0.842,0.0,0.0,FAL MID5,FAL,MID,53,project_20260722T045210Z,2025-26,4
